èZñØäÓñ{ë‰í†êlå˚ÅEê¢ë—êîãyÇ—êlå˚ìÆë‘,êlå˚(2015îN),êlå˚(2010îN),êlå˚(2005îN),ëùå∏(2005îNÅ`2015îN),[!!íçñ⁄!!]ëùå∏î‰ó¶(2005îNÅ`2015îN),ëùå∏(2005îNÅ`2010îN),ëùå∏î‰ó¶(2005îNÅ`2010îN),ñ êœ(km^2),êlå˚ñßìx(2010îN),êlå˚ñßìx(2015îN),êlå˚(ì˙ñ{êl)(2015îN),êlå˚(äOçëêl)(2015îN),êlå˚(2015îN),íjê´êlå˚(ì˙ñ{êl)(2015îN),íjê´êlå˚(äOçëêl)(2015îN),íjê´êlå˚(åv)(2015îN),èóê´êlå˚(ì˙ñ{êl)(2015îN),èóê´êlå˚(äOçëêl)(2015îN),èóê´êlå˚(åv)(2015îN),ê¢ë—êî(ì˙ñ{êl),ê¢ë—êî(äOçëêl),ê¢ë—êî(ï°êîçëê–),ê¢ë—êîåv,ëùå∏êî(ì˙ñ{êl)(2015îN),ëùå∏êî(äOçëêl)(2015îN),ëùå∏êî(åv)(2015îN),èoê∂(ì˙ñ{êl)(2015îN),èoê∂(äOçëêl)(2015îN),èoê∂(åv)(2015îN),éÄñS(ì˙ñ{êl)(2015îN),éÄñS(äOçëêl)(2015îN),éÄñS(åv)(2015îN),é©ëRëùå∏(2015îN),é©ëRëùå∏î‰ó¶(2015îN),ì]ì¸(ì˙ñ{êl)(2015îN),ì]ì¸(äOçëêl)(2015îN),ì]ì¸(åv)(2015îN),ì]èo(ì˙ñ{êl)(2015îN),ì]èo(äOçëêl)(2015îN),ì]èo(åv)(2015îN),ì]ì¸èoëùå∏(2015îN),ì]ì¸èoëùå∏î‰ó¶(2015îN),ÇªÇÃëºëù(ì˙ñ{êl)(2015îN),ÇªÇÃëºëù(äOçëêl)(2015îN),ÇªÇÃëºëù(åv)(2015îN),ÇªÇÃëºå∏(ì˙ñ{êl)(2015îN),ÇªÇÃëºå∏(äOçëêl)(2015îN),ÇªÇÃëºå∏(åv)(2015îN)
Ç¶ÇËÇ‡í¨,5153,5413,5796,-643,-11.09385783,-383,-6.608005521,283.93,19.1,18.1488395,5127,26,5153,2566,11,2577,2561,15,2576,2149,19,7,2175,-77,-4,-81,41,0,41,56,0,56,-15,-0.291092567,151,7,158,212,11,223,-65,-1.261401126,1,0,1,2,0,2
ÇπÇΩÇ»í¨,8845,9590,10748,-1903,-17.70561965,-1158,-10.77409751,638.67,15,13.84909265,8819,26,8845,4159,1,4160,4660,25,4685,4390,21,5,4416,-172,0,-172,33,0,33,150,0,150,-117,-1.322781232,244,10,254,297,9,306,-52,-0.58790277,0,0,0,2,1,3
ÉjÉZÉRí¨,4983,4823,4669,314,6.725208824,154,3.298350825,197.13,24.5,25.2777355,4802,181,4983,2381,109,2490,2421,72,2493,2224,138,40,2402,98,28,126,46,0,46,45,0,45,1,0.020068232,345,40,385,250,62,312,73,1.464980935,3,91,94,1,41,42
ÇﬁÇ©ÇÌí¨,8997,9746,10602,-1605,-15.13865308,-856,-8.073948312,712.91,13.7,12.62010632,8920,77,8997,4380,50,4430,4540,27,4567,4371,50,11,4432,-211,-4,-215,52,0,52,150,0,150,-98,-1.089251973,324,81,405,439,85,524,-119,-1.32266311,3,0,3,1,0,1
à§ï í¨,3106,3328,3739,-633,-16.92966034,-411,-10.99224392,249.71,13.3,12.43842858,3076,30,3106,1470,1,1471,1606,29,1635,1427,27,3,1457,-105,4,-101,21,0,21,47,0,47,-26,-0.837089504,41,107,148,118,103,221,-73,-2.350289762,0,0,0,2,0,2
àÆêÏés,347207,347095,355004,-7797,-2.196313281,-7909,-2.227862221,747.6,464.3,464.428839,346507,700,347207,161096,310,161406,185411,390,185801,175912,358,226,176496,-1871,21,-1850,2358,2,2360,3990,4,3994,-1634,-0.470612632,10934,271,11205,11300,217,11517,-312,-0.08985994,147,8,155,20,39,59
à∞ï és,15404,16628,18899,-3495,-18.49304196,-2271,-12.01650881,865.02,19.2,17.80768075,15362,42,15404,7029,7,7036,8333,35,8368,8217,30,8,8255,-451,-15,-466,65,0,65,303,0,303,-238,-1.545053233,335,11,346,546,26,572,-226,-1.467151389,4,0,4,6,0,6
à¿ïΩí¨,8555,8726,9131,-576,-6.308180922,-405,-4.435439711,237.14,36.8,36.07573585,8531,24,8555,4235,12,4247,4296,12,4308,4221,11,7,4239,-126,-3,-129,56,1,57,102,0,102,-45,-0.526008182,328,3,331,410,6,416,-85,-0.993571011,3,2,5,1,3,4
à…íBés,35802,36278,37066,-1264,-3.410133276,-788,-2.125937517,444.28,81.7,80.5843162,35712,90,35802,16702,18,16720,19010,72,19082,17814,64,18,17896,-373,-20,-393,203,0,203,503,2,505,-302,-0.843528295,1291,38,1329,1374,55,1429,-100,-0.279314005,15,0,15,5,1,6
âJó≥í¨,2682,3049,3316,-634,-19.11942099,-267,-8.051869723,190.91,16,14.04850453,2681,1,2682,1280,0,1280,1401,1,1402,1209,0,1,1210,-97,-1,-98,15,0,15,51,0,51,-36,-1.342281879,52,1,53,112,0,112,-59,-2.199850858,0,0,0,1,2,3
âYâPí¨,2078,2206,2417,-339,-14.02565163,-211,-8.729830368,101.08,21.8,20.55797388,2075,3,2078,1001,2,1003,1074,1,1075,933,2,0,935,-24,0,-24,12,0,12,25,0,25,-13,-0.62560154,63,0,63,73,0,73,-10,-0.481231954,0,0,0,1,0,1
âYâÕí¨,13289,14389,15698,-2409,-15.34590394,-1309,-8.338641865,694.25,20.7,19.14151963,13213,76,13289,6440,62,6502,6773,14,6787,6802,62,7,6871,-217,-6,-223,106,0,106,174,0,174,-68,-0.511701407,707,11,718,858,14,872,-154,-1.158853187,3,3,6,1,6,7
âYñyí¨,5257,5460,6068,-811,-13.36519446,-608,-10.01977587,729.64,7.5,7.204922976,5248,9,5257,2514,0,2514,2734,9,2743,2364,3,6,2373,-79,-1,-80,35,0,35,80,1,81,-46,-0.875023778,140,1,141,174,1,175,-34,-0.646756705,0,0,0,0,0,0
âéï•ë∫,2783,2825,2940,-157,-5.340136054,-115,-3.911564626,590,4.8,4.716949153,2700,83,2783,1330,18,1348,1370,65,1435,1132,76,4,1212,-40,3,-37,22,1,23,35,0,35,-12,-0.431189364,125,39,164,154,37,191,-27,-0.970176069,2,0,2,0,0,0
âìåyí¨,21432,22265,23648,-2216,-9.370771313,-1383,-5.848274696,1332.32,16.7,16.08622553,21376,56,21432,10367,8,10375,11009,48,11057,10590,29,21,10640,-317,2,-315,159,0,159,296,0,296,-137,-0.639231056,897,24,921,1078,22,1100,-179,-0.835199701,7,0,7,6,0,6
âìï í¨,2901,3084,3421,-520,-15.20023385,-337,-9.850920783,590.86,5.2,4.909792506,2884,17,2901,1387,6,1393,1497,11,1508,1366,10,1,1377,-46,-4,-50,18,0,18,40,0,40,-22,-0.758359187,86,4,90,110,7,117,-27,-0.930713547,0,0,0,0,1,1
âúêKí¨,2939,3033,3643,-704,-19.32473236,-610,-16.74444139,142.98,21.2,20.55532242,2933,6,2939,1506,0,1506,1427,6,1433,1586,2,4,1592,-24,0,-24,16,0,16,42,0,42,-26,-0.884654644,175,1,176,174,1,175,1,0.034025179,1,0,1,0,0,0
â≥ïîí¨,4059,4408,4816,-757,-15.71843854,-408,-8.471760797,162.56,27.1,24.96924213,4058,1,4059,1874,0,1874,2184,1,2185,1930,1,0,1931,-127,0,-127,11,0,11,59,0,59,-48,-1.18255728,92,1,93,171,1,172,-79,-1.94629219,0,0,0,0,0,0
âπà–éqï{ë∫,800,995,1070,-270,-25.23364486,-75,-7.009345794,275.64,3.6,2.902336381,797,3,800,401,1,402,396,2,398,488,2,1,491,-29,1,-28,1,0,1,8,0,8,-7,-0.875,90,6,96,112,5,117,-21,-2.625,0,0,0,0,0,0
âπçXí¨,45391,45085,42452,2939,6.923113163,2633,6.202299067,466.09,96.7,97.3867708,45333,58,45391,21501,20,21521,23832,38,23870,19672,22,22,19716,-98,4,-94,341,0,341,431,0,431,-90,-0.198277192,1741,19,1760,1770,9,1779,-19,-0.041858518,23,0,23,2,6,8
â∫êÏí¨,3494,3775,4146,-652,-15.72600096,-371,-8.948383985,644.2,5.9,5.423781434,3482,12,3494,1642,7,1649,1840,5,1845,1789,6,5,1800,-39,2,-37,15,0,15,53,0,53,-38,-1.087578706,131,32,163,136,30,166,-3,-0.085861477,4,0,4,0,0,0
âÃéuì‡és,3833,4387,5221,-1388,-26.58494541,-834,-15.97395135,55.99,78.4,68.45865333,3823,10,3833,1767,1,1768,2056,9,2065,2133,7,3,2143,-197,-3,-200,5,0,5,87,0,87,-82,-2.139316462,93,0,93,208,0,208,-115,-3.000260892,0,0,0,0,3,3
âËé∫í¨,19218,18905,18300,918,5.016393443,605,3.306010929,513.91,36.8,37.39565294,19191,27,19218,9194,10,9204,9997,17,10014,7800,17,10,7827,-150,4,-146,131,0,131,174,0,174,-43,-0.223748569,631,10,641,746,6,752,-111,-0.577583516,20,0,20,12,0,12
ä‚å©ëÚés,86054,90145,93677,-7623,-8.137536428,-3532,-3.770402554,481.1,187.4,178.869258,85936,118,86054,40331,42,40373,45605,76,45681,42138,55,50,42243,-1225,-5,-1230,508,1,509,1187,2,1189,-680,-0.790201501,2765,26,2791,3323,16,3339,-548,-0.636809445,27,0,27,15,14,29
ä‚ì‡í¨,13770,14451,15744,-1974,-12.53810976,-1293,-8.212652439,70.63,204.6,194.9596489,13736,34,13770,6455,11,6466,7281,23,7304,7117,18,7,7142,-378,2,-376,68,0,68,213,0,213,-145,-1.053013798,419,6,425,656,4,660,-235,-1.706608569,4,0,4,0,0,0
äÏñŒï í¨,2401,2490,2707,-306,-11.3040266,-217,-8.016254156,189.51,13.1,12.66951612,2327,74,2401,1164,55,1219,1163,19,1182,1263,71,3,1337,-73,26,-47,10,0,10,52,0,52,-42,-1.749271137,117,42,159,149,14,163,-4,-0.166597251,1,0,1,0,2,2
ã§òaí¨,6352,6428,7112,-760,-10.68616423,-684,-9.617547807,304.96,21.1,20.82896118,6339,13,6352,3187,3,3190,3152,10,3162,2910,6,5,2921,-48,1,-47,52,0,52,83,0,83,-31,-0.488035265,265,2,267,284,1,285,-18,-0.283375315,2,0,2,0,0,0
ãªïîí¨,4106,4301,4589,-483,-10.52516888,-288,-6.275877097,362.45,11.9,11.3284591,4045,61,4106,1977,21,1998,2068,40,2108,1805,56,4,1865,-42,-12,-54,38,0,38,47,0,47,-9,-0.219191427,184,27,211,217,32,249,-38,-0.925474915,0,0,0,0,7,7
ã‰ímà¿í¨,15825,15568,16176,-351,-2.169881306,-608,-3.758654797,261.24,59.6,60.5764814,15059,766,15825,7448,486,7934,7611,280,7891,7362,661,77,8100,-81,90,9,138,0,138,172,0,172,-34,-0.214849921,1045,657,1702,1100,223,1323,379,2.394944708,9,23,32,1,367,368
ã˙òHés,178394,181169,190478,-12084,-6.344039732,-9309,-4.887178572,1362.75,132.9,130.9073564,177921,473,178394,83955,162,84117,93966,311,94277,94188,300,96,94584,-1833,67,-1766,1156,2,1158,2040,2,2042,-884,-0.495532361,6129,173,6302,7102,80,7182,-880,-0.493290133,47,12,59,23,38,61
ã˙òHí¨,20329,20526,21855,-1526,-6.982383894,-1329,-6.080988332,252.6,81.3,80.47901821,20310,19,20329,9725,9,9734,10585,10,10595,9421,8,8,9437,-152,1,-151,133,0,133,195,0,195,-62,-0.304983029,1088,4,1092,1178,3,1181,-89,-0.437798219,9,0,9,9,0,9
åIéRí¨,12689,13340,14352,-1663,-11.58723523,-1012,-7.051282051,203.84,65.4,62.24980377,12621,68,12689,5887,20,5907,6734,48,6782,5930,61,5,5996,-225,-16,-241,79,0,79,178,0,178,-99,-0.780203326,368,30,398,495,43,538,-140,-1.103317834,3,1,4,2,4,6
åPéqï{í¨,5323,5435,5981,-658,-11.00150477,-546,-9.128908209,190.89,28.5,27.88516947,5294,29,5323,2522,10,2532,2772,19,2791,2062,25,3,2090,-98,11,-87,29,0,29,65,0,65,-36,-0.676310351,125,19,144,187,8,195,-51,-0.958106331,1,1,2,1,1,2
åbíÎés,68956,69384,67614,1342,1.984796048,1770,2.617801047,294.87,235.3,233.8522061,68731,225,68956,33485,94,33579,35246,131,35377,31165,138,50,31353,78,-15,63,496,2,498,607,0,607,-109,-0.158071814,3120,72,3192,2950,64,3014,178,0.258135623,20,1,21,1,26,27
åéå`í¨,3577,4859,4785,-1208,-25.24555904,74,1.546499478,151.05,32.2,23.68090036,3572,5,3577,1803,2,1805,1769,3,1772,1765,3,2,1770,-131,0,-131,16,0,16,65,0,65,-49,-1.369863014,137,1,138,221,1,222,-84,-2.348336595,3,0,3,1,0,1
åïï£í¨,3359,3565,3952,-593,-15.00506073,-387,-9.792510122,131.2,27.2,25.60213415,3358,1,3359,1616,1,1617,1742,0,1742,1533,1,0,1534,-92,0,-92,12,0,12,55,0,55,-43,-1.2801429,100,0,100,149,0,149,-49,-1.45876749,0,0,0,0,0,0
å√ïΩí¨,3431,3611,4021,-590,-14.67296692,-410,-10.19646854,188.41,19.2,18.21028608,3397,34,3431,1603,2,1605,1794,32,1826,1844,33,1,1878,-90,9,-81,21,0,21,65,0,65,-44,-1.282424949,60,29,89,105,19,124,-35,-1.020110755,0,0,0,1,1,2
å˙ä›í¨,10173,10630,11525,-1352,-11.73101952,-895,-7.765726681,739.07,14.4,13.76459605,10091,82,10173,4836,15,4851,5255,67,5322,4380,76,2,4458,-146,0,-146,62,0,62,112,0,112,-50,-0.4914971,315,29,344,413,22,435,-91,-0.894524722,3,0,3,1,7,8
å˙ê^í¨,4711,4890,5240,-529,-10.09541985,-350,-6.679389313,404.56,12.1,11.64474985,4698,13,4711,2309,6,2315,2389,7,2396,2090,6,4,2100,-23,1,-22,22,0,22,64,0,64,-42,-0.891530461,209,3,212,191,2,193,19,0.403311399,1,0,1,0,0,0
å˙ëÚïîí¨,4258,4409,4775,-517,-10.82722513,-366,-7.664921466,460.42,9.6,9.248077842,4250,8,4258,2044,5,2049,2206,3,2209,1999,5,1,2005,-93,-1,-94,30,0,30,76,0,76,-46,-1.080319399,113,26,139,161,19,180,-41,-0.962893377,1,0,1,0,8,8
çLîˆí¨,7468,7881,8325,-857,-10.29429429,-444,-5.333333333,596.16,13.2,12.52683843,7435,33,7468,3559,4,3563,3876,29,3905,3452,29,4,3485,-150,6,-144,52,0,52,92,0,92,-40,-0.53561864,218,10,228,334,4,338,-110,-1.472951259,6,0,6,0,0,0
çXï ë∫,3334,3391,3326,8,0.240529164,65,1.954299459,176.45,19.2,18.89487107,3325,9,3334,1641,5,1646,1684,4,1688,1282,3,3,1288,-26,1,-25,24,0,24,36,0,36,-12,-0.359928014,108,3,111,122,2,124,-13,-0.389922016,0,0,0,0,0,0
ç]ç∑í¨,8466,9004,10131,-1665,-16.43470536,-1127,-11.12427204,109.59,82.2,77.25157405,8459,7,8466,4035,2,4037,4424,5,4429,4412,2,5,4419,-112,-1,-113,46,0,46,110,0,110,-64,-0.755965037,548,3,551,603,1,604,-53,-0.626033546,7,0,7,0,3,3
ç]ï és,120225,123722,125601,-5376,-4.280220699,-1879,-1.496007197,187.57,659.6,640.960708,119822,403,120225,56999,176,57175,62823,227,63050,54944,250,83,55277,-617,37,-580,654,1,655,1091,0,1091,-436,-0.362653358,4571,205,4776,4770,126,4896,-120,-0.099812851,40,1,41,21,44,65
çïèºì‡í¨,3097,3250,3457,-360,-10.41365346,-207,-5.987850738,345.47,9.4,8.964598952,3093,4,3097,1461,3,1464,1632,1,1633,1572,1,3,1576,-39,0,-39,20,0,20,53,0,53,-33,-1.065547304,164,0,164,170,0,170,-6,-0.193735873,0,0,0,0,0,0
ç°ã‡í¨,5730,6186,6466,-736,-11.38261676,-280,-4.330343334,568.14,10.9,10.0855423,5728,2,5730,2716,1,2717,3012,1,3013,2642,1,1,2644,-72,0,-72,28,0,28,77,0,77,-49,-0.855148342,177,0,177,201,0,201,-24,-0.418848168,1,0,1,0,0,0
ç™é∫és,28050,29201,31202,-3152,-10.10191654,-2001,-6.413050446,512.72,70.7,54.70822281,27793,257,28050,13364,43,13407,14429,214,14643,12780,225,18,13023,-496,-3,-499,192,0,192,339,1,340,-148,-0.527629234,798,164,962,1150,162,1312,-350,-1.247771836,3,2,5,0,6,6
ç≤òCä‘í¨,5644,5892,6393,-749,-11.71593931,-501,-7.836696387,404.99,14.5,13.93614657,5499,145,5644,2623,12,2635,2876,133,3009,2412,123,14,2549,-111,11,-100,26,1,27,92,0,92,-65,-1.151665486,161,51,212,207,41,248,-36,-0.6378455,1,0,1,0,0,0
çªêÏés,18112,19056,20068,-1956,-9.746860674,-1012,-5.042854295,78.69,242.2,230.1690177,18082,30,18112,8407,15,8422,9675,15,9690,9025,18,5,9048,-334,2,-332,102,0,102,239,1,240,-138,-0.761925795,606,10,616,814,7,821,-205,-1.13184629,11,0,11,0,0,0
éDñyés,1936016,1913545,1880863,55153,2.932324151,32682,1.73760662,1121.12,1706.8,1726.858855,1926287,9729,1936016,902802,4763,907565,1023485,4966,1028451,1008265,5395,2324,1015984,5217,303,5520,14543,79,14622,17650,32,17682,-3060,-0.158056545,120873,3596,124469,112919,2406,115325,9144,0.472310146,603,218,821,233,1152,1385
éOä}és,9519,10221,11927,-2408,-20.18948604,-1706,-14.30368072,302.64,33.8,31.45321174,9505,14,9519,4290,8,4298,5215,6,5221,5314,7,4,5325,-182,2,-180,44,0,44,227,1,228,-184,-1.932976153,349,7,356,344,2,346,10,0.105053052,3,0,3,7,2,9
émï és,20676,21787,23411,-2735,-11.68254239,-1624,-6.93691,1119.29,19.5,18.47242448,20637,39,20676,9751,22,9773,10886,17,10903,9720,11,16,9747,-400,1,-399,114,0,114,254,0,254,-140,-0.677113562,541,19,560,801,14,815,-255,-1.233313987,1,2,3,1,6,7
émñyí¨,6395,6416,6755,-360,-5.32938564,-339,-5.018504811,259.13,24.8,24.67873268,6347,48,6395,3043,27,3070,3304,21,3325,2641,31,7,2679,-58,9,-49,48,1,49,87,0,87,-38,-0.59421423,242,37,279,258,23,281,-2,-0.031274433,0,0,0,3,6,9
é}çKí¨,8722,9125,9815,-1093,-11.1360163,-690,-7.030056037,1115.68,8.2,7.817653808,8656,66,8722,4135,6,4141,4521,60,4581,4010,59,4,4073,-160,-9,-169,48,0,48,119,0,119,-71,-0.814033479,250,6,256,339,3,342,-86,-0.986012383,2,83,85,2,95,97
é≠í«í¨,5603,5702,5876,-273,-4.646017699,-174,-2.961198094,402.86,14.2,13.90805739,5569,34,5603,2748,7,2755,2821,27,2848,2446,9,10,2465,-49,-2,-51,41,0,41,64,0,64,-23,-0.410494378,288,25,313,318,20,338,-25,-0.446189541,4,0,4,0,7,7
é≠ïîí¨,4237,4767,4919,-682,-13.86460663,-152,-3.090058955,110.61,43.1,38.30575897,4179,58,4237,2038,1,2039,2141,57,2198,1795,57,1,1853,-91,17,-74,16,0,16,53,0,53,-37,-0.873259382,133,25,158,188,1,189,-31,-0.731649752,2,0,2,1,7,8
éµî—í¨,28785,28463,28424,361,1.270053476,39,0.137207993,216.61,131.4,132.8886016,28764,21,28785,13248,8,13256,15516,13,15529,13250,6,8,13264,-36,-3,-39,161,0,161,351,0,351,-190,-0.660066007,1175,14,1189,1032,4,1036,153,0.531526837,14,0,14,3,13,16
é∫óñés,89799,94535,98372,-8573,-8.714878217,-3837,-3.900500142,80.65,1172.2,1113.440794,89512,287,89799,42897,163,43060,46615,124,46739,46986,176,58,47220,-1484,7,-1477,532,1,533,1174,5,1179,-646,-0.719384403,3241,94,3335,4104,81,4185,-850,-0.946558425,34,5,39,13,7,20
éŒó¢í¨,12186,13045,13431,-1245,-9.269600179,-386,-2.873948329,737.01,17.7,16.53437538,12098,88,12186,5960,18,5978,6138,70,6208,5494,72,15,5581,-172,19,-153,92,1,93,136,0,136,-43,-0.352863942,387,37,424,516,17,533,-109,-0.894469063,2,2,4,1,4,5
éıìsí¨,3258,3443,3744,-486,-12.98076923,-301,-8.039529915,95.37,36.1,34.16168606,3221,37,3258,1586,3,1589,1635,34,1669,1747,36,0,1783,-82,-13,-95,17,0,17,51,0,51,-34,-1.043585022,124,9,133,172,22,194,-61,-1.872314303,0,0,0,0,0,0
èâéRï ë∫,1283,1369,1511,-228,-15.0893448,-142,-9.397749835,280.04,4.9,4.581488359,1282,1,1283,607,1,608,675,0,675,574,1,0,575,-69,0,-69,7,0,7,32,0,32,-25,-1.948558067,31,0,31,75,0,75,-44,-3.429462198,0,0,0,0,0,0
è¨ê¥êÖí¨,5227,5358,5753,-526,-9.143055797,-395,-6.865982965,287.04,18.7,18.21000557,5200,27,5227,2482,3,2485,2718,24,2742,2139,23,0,2162,-61,9,-52,47,0,47,61,0,61,-14,-0.267840061,129,22,151,176,3,179,-28,-0.535680122,0,0,0,0,10,10
è¨íMés,125028,131928,142161,-17133,-12.05182856,-10233,-7.198176715,243.3,542.2,513.8840937,124553,475,125028,56249,212,56461,68304,263,68567,65433,271,113,65817,-2228,32,-2196,622,1,623,1839,0,1839,-1216,-0.972582142,3312,158,3470,4357,82,4439,-969,-0.775026394,38,1,39,4,46,50
è¨ïΩí¨,3394,3717,4272,-878,-20.55243446,-555,-12.99157303,627.31,5.9,5.41040315,3378,16,3394,1607,0,1607,1771,16,1787,1647,13,3,1663,-82,3,-79,18,0,18,47,0,47,-29,-0.854449028,64,6,70,114,0,114,-44,-1.296405421,0,0,0,3,3,6
èºëOí¨,8251,8748,10121,-1870,-18.47643513,-1373,-13.56585318,293.12,29.8,28.148881,8227,24,8251,3914,2,3916,4313,22,4335,4294,23,1,4318,-250,0,-250,34,0,34,163,0,163,-129,-1.563446855,260,9,269,381,8,389,-120,-1.454369167,2,0,2,2,1,3
è¿ìcí¨,3334,3612,4041,-707,-17.49566939,-429,-10.61618411,283.21,12.8,11.77218319,3333,1,3334,1574,1,1575,1759,0,1759,1567,0,1,1568,-82,0,-82,18,0,18,44,0,44,-26,-0.779844031,87,0,87,143,0,143,-56,-1.679664067,0,0,0,0,0,0
è„Émçëí¨,5443,5428,6417,-974,-15.17843229,-989,-15.41218638,547.6,9.9,9.939737034,5433,10,5443,2554,3,2557,2879,7,2886,2609,7,3,2619,-141,-9,-150,31,0,31,86,0,86,-55,-1.010472166,126,4,130,211,11,222,-92,-1.690244351,0,0,0,1,2,3
è„çªêÏí¨,3498,4086,4770,-1272,-26.66666667,-684,-14.33962264,39.91,102.4,87.64720621,3489,9,3498,1582,2,1584,1907,7,1914,1987,8,0,1995,-130,-2,-132,19,0,19,68,0,68,-49,-1.400800457,71,2,73,153,1,154,-81,-2.315608919,1,0,1,0,3,3
è„émñyí¨,4924,5080,5229,-305,-5.83285523,-149,-2.849493211,694.09,7.3,7.09418087,4884,40,4924,2383,10,2393,2501,30,2531,2321,34,4,2359,-121,-1,-122,37,0,37,68,0,68,-31,-0.629569456,183,19,202,269,20,289,-87,-1.766856215,0,0,0,4,0,4
è„êÏí¨,4012,4532,5176,-1164,-22.48840804,-644,-12.44204019,1049.24,4.3,3.823720026,3978,34,4012,1887,3,1890,2091,31,2122,2141,28,6,2175,-66,14,-52,20,0,20,55,0,55,-35,-0.872382851,172,35,207,208,18,226,-19,-0.473579262,6,0,6,1,3,4
è„ïxó«ñÏí¨,11263,11545,12352,-1089,-8.81638601,-807,-6.533354922,237.18,48.7,47.48714057,11237,26,11263,5652,9,5661,5585,17,5602,5195,16,5,5216,-233,-2,-235,76,2,78,123,1,124,-46,-0.40841694,507,16,523,691,14,705,-182,-1.615910503,2,0,2,4,5,9
êVÇ–ÇæÇ©í¨,24295,25419,27265,-2970,-10.89308637,-1846,-6.770584999,1147.75,22.1,21.16750163,24203,92,24295,11771,55,11826,12432,37,12469,11981,54,22,12057,-458,9,-449,181,0,181,312,0,312,-131,-0.539205598,849,38,887,1163,23,1186,-299,-1.230705907,8,0,8,21,6,27
êVä•í¨,5735,5775,6034,-299,-4.955253563,-259,-4.292343388,585.88,9.9,9.788693931,5675,60,5735,2727,31,2758,2948,29,2977,2648,34,15,2697,-51,10,-41,34,0,34,76,0,76,-42,-0.732345249,263,26,289,272,16,288,1,0.017436792,6,0,6,6,0,6
êVé¬í√ë∫,3333,3515,3737,-404,-10.81081081,-222,-5.940594059,78.24,44.9,42.59969325,3328,5,3333,1587,3,1590,1741,2,1743,1413,5,0,1418,-40,-4,-44,20,0,20,51,0,51,-31,-0.930093009,99,0,99,109,0,109,-10,-0.300030003,1,0,1,0,4,4
êVè\í√êÏí¨,6929,7249,7684,-755,-9.825611661,-435,-5.661114003,495.62,14.6,13.98046891,6923,6,6929,3209,1,3210,3714,5,3719,2972,1,5,2978,-38,0,-38,31,0,31,73,0,73,-42,-0.606148073,218,0,218,214,0,214,4,0.057728388,0,0,0,0,0,0
êVìæí¨,6455,6653,7243,-788,-10.87946983,-590,-8.145795941,1063.79,6.3,6.067926941,6333,122,6455,3099,76,3175,3234,46,3280,3297,114,7,3418,-138,33,-105,44,0,44,108,0,108,-64,-0.991479473,240,51,291,315,106,421,-130,-2.01394268,1,88,89,0,0,0
êXí¨,17004,17859,19149,-2145,-11.20162933,-1290,-6.736644211,368.27,48.5,46.17264507,16779,225,17004,7955,20,7975,8824,205,9029,7609,213,8,7830,-321,40,-281,86,0,86,277,0,277,-191,-1.123265114,445,106,551,578,60,638,-87,-0.511644319,5,4,9,2,10,12
ê[êÏés,22278,23709,25838,-3560,-13.7781562,-2129,-8.239801842,529.23,44.8,42.09511932,22225,53,22278,10371,25,10396,11854,28,11882,11102,31,13,11146,-423,-4,-427,134,0,134,369,2,371,-237,-1.063829787,782,12,794,975,14,989,-195,-0.87530299,7,0,7,2,0,2
ê^éÎë∫,2156,2189,2354,-198,-8.411214953,-165,-7.009345794,114.43,19.1,18.84121297,2149,7,2156,1052,3,1055,1097,4,1101,940,2,0,942,1,4,5,16,0,16,21,0,21,-5,-0.231910946,86,5,91,82,3,85,6,0.278293135,2,2,4,0,0,0
êmñÿí¨,3518,3800,3967,-449,-11.31837661,-167,-4.209730275,167.93,22.6,20.94920503,3501,17,3518,1688,2,1690,1813,15,1828,1744,13,4,1761,-71,-6,-77,20,0,20,66,0,66,-46,-1.307561114,113,141,254,139,147,286,-32,-0.909607732,3,0,3,2,0,2
ê¥êÖí¨,9896,9961,10464,-568,-5.428134557,-503,-4.806957187,402.18,24.8,24.60589786,9858,38,9896,4838,5,4843,5020,33,5053,4600,31,7,4638,-83,-6,-89,68,0,68,121,0,121,-53,-0.535569927,330,9,339,364,4,368,-29,-0.293047696,4,0,4,0,11,11
ê¥ó¢í¨,4380,4551,5025,-645,-12.8358209,-474,-9.432835821,402.73,11.3,10.87577285,4376,4,4380,2146,1,2147,2230,3,2233,1836,1,3,1840,-26,0,-26,34,0,34,64,0,64,-30,-0.684931507,168,3,171,167,3,170,1,0.02283105,3,0,3,0,0,0
êºãªïîë∫,1147,1135,1224,-77,-6.290849673,-89,-7.27124183,308.12,3.7,3.72257562,1143,4,1147,552,1,553,591,3,594,687,4,0,691,-26,0,-26,9,0,9,31,0,31,-22,-1.918047079,61,1,62,66,1,67,-5,-0.435919791,1,0,1,0,0,0
êŒéÎés,59362,59449,60104,-742,-1.23452682,-655,-1.089777719,721.86,82.4,82.23478237,59218,144,59362,28675,64,28739,30543,80,30623,26867,72,45,26984,-609,-15,-624,347,2,349,589,0,589,-240,-0.404299047,1818,67,1885,2191,83,2274,-389,-0.655301371,10,0,10,4,1,5
êœíOí¨,2334,2516,2860,-526,-18.39160839,-344,-12.02797203,238.21,10.6,9.798077327,2332,2,2334,1102,2,1104,1230,0,1230,1179,1,1,1181,-52,0,-52,10,0,10,42,0,42,-32,-1.371036847,67,0,67,87,0,87,-20,-0.856898029,0,0,0,0,0,0
ê‘à‰êÏë∫,1139,1262,1310,-171,-13.05343511,-48,-3.664122137,280.11,4.5,4.066259684,1112,27,1139,550,16,566,562,11,573,537,23,4,564,-18,14,-4,5,0,5,10,0,10,-5,-0.438981563,58,35,93,72,17,89,4,0.35118525,1,0,1,0,4,4
ê‘ïΩés,11383,12637,14401,-3018,-20.95687799,-1764,-12.24914936,129.88,97.3,87.64243917,11332,51,11383,5180,17,5197,6152,34,6186,6284,44,1,6329,-325,-3,-328,32,0,32,205,0,205,-173,-1.519810243,242,19,261,397,23,420,-159,-1.396819819,3,1,4,0,0,0
êÁçŒés,95532,93604,91437,4095,4.478493389,2167,2.369937771,594.95,157.3,160.5714766,95112,420,95532,48381,190,48571,46731,230,46961,46282,206,110,46598,34,17,51,918,2,920,669,0,669,251,0.262739187,5418,183,5601,5680,142,5822,-221,-0.231336097,70,6,76,23,32,55
êËä•ë∫,1218,1394,1819,-601,-33.04013194,-425,-23.36448598,571.31,2.4,2.131942378,1147,71,1218,567,19,586,580,52,632,619,65,2,686,-15,13,-2,11,0,11,8,0,8,3,0.246305419,98,88,186,117,63,180,6,0.492610837,3,1,4,2,13,15
ësïÀí¨,2705,3232,3473,-768,-22.11344659,-241,-6.939245609,205.04,15.8,13.1925478,2695,10,2705,1284,1,1285,1411,9,1420,1307,8,2,1317,-50,4,-46,15,0,15,44,0,44,-29,-1.072088725,119,11,130,139,3,142,-12,-0.443622921,0,0,0,1,4,5
ëùñ—í¨,4893,5078,5708,-815,-14.27820603,-630,-11.03714085,369.68,13.7,13.23577148,4824,69,4893,2212,2,2214,2612,67,2679,2425,67,1,2493,-114,4,-110,30,0,30,84,1,85,-55,-1.124054772,95,24,119,155,18,173,-54,-1.103617413,0,0,0,0,1,1
ë´äÒí¨,7376,7630,8317,-941,-11.31417578,-687,-8.260189972,1408.09,5.4,5.238301529,7362,14,7376,3555,6,3561,3807,8,3815,3565,9,5,3579,-78,0,-78,40,0,40,115,0,115,-75,-1.01681128,308,6,314,315,6,321,-7,-0.094902386,4,0,4,0,0,0
ë—çLés,168753,168057,170580,-1827,-1.071051706,-2523,-1.479071403,618.94,271.5,272.6483989,168255,498,168753,80341,226,80567,87914,272,88186,84657,236,118,85011,-359,8,-351,1314,7,1321,1630,2,1632,-311,-0.18429302,7603,131,7734,7686,94,7780,-46,-0.027258775,71,14,85,31,48,79
ëÂãÛí¨,7708,7933,8392,-684,-8.150619638,-459,-5.469494757,343.62,23.1,22.43175601,7698,10,7708,3735,1,3736,3963,9,3972,3062,7,3,3072,-130,-3,-133,55,0,55,98,0,98,-43,-0.557861962,211,6,217,298,6,304,-87,-1.128697457,0,0,0,0,3,3
ëÂé˜í¨,5845,5977,6407,-562,-8.771656001,-430,-6.711409396,816.38,7.3,7.159656043,5800,45,5845,2841,15,2856,2959,30,2989,2599,41,2,2642,-81,10,-71,41,0,41,80,0,80,-39,-0.667236955,238,23,261,285,5,290,-29,-0.496150556,5,1,6,0,9,9
ëÈê≤í¨,7264,7345,7261,3,0.041316623,84,1.156865446,139.44,52.7,52.09409065,7259,5,7264,3434,4,3438,3825,1,3826,3089,2,2,3093,-36,0,-36,41,0,41,80,0,80,-39,-0.536894273,222,2,224,219,2,221,3,0.04129956,0,0,0,0,0,0
ëÍè„í¨,2847,3028,3366,-519,-15.41889483,-338,-10.04159239,766.89,3.9,3.712396824,2833,14,2847,1353,1,1354,1480,13,1493,1486,12,2,1500,-51,3,-48,20,0,20,43,0,43,-23,-0.807867931,122,9,131,150,6,156,-25,-0.878117317,0,0,0,0,0,0
ëÍêÏés,41924,43170,45562,-3638,-7.984724112,-2392,-5.249989026,115.82,372.7,361.9754792,41844,80,41924,19729,30,19759,22115,50,22165,21340,53,16,21409,-368,-2,-370,284,0,284,528,0,528,-244,-0.582005534,1860,22,1882,1989,14,2003,-121,-0.288617498,8,1,9,3,11,14
ímì‡í¨,4797,5074,5447,-650,-11.93317422,-373,-6.847806132,196.67,25.8,24.39111202,4795,2,4797,2316,0,2316,2479,2,2481,2088,1,1,2090,-84,1,-83,36,0,36,69,0,69,-33,-0.687929956,172,1,173,224,0,224,-51,-1.063164478,1,0,1,0,0,0
írìcí¨,7231,7527,8193,-962,-11.74173075,-666,-8.128890516,371.91,20.2,19.44287596,7219,12,7231,3392,5,3397,3827,7,3834,3437,9,2,3448,-153,0,-153,25,0,25,102,0,102,-77,-1.064859632,200,4,204,276,3,279,-75,-1.03720094,0,0,0,0,1,1
ítì‡és,36827,39595,41592,-4765,-11.4565301,-1997,-4.801404116,760.89,52,48.39990012,36500,327,36827,17915,78,17993,18585,249,18834,18375,260,35,18670,-418,-3,-421,266,0,266,459,0,459,-193,-0.524072012,1516,107,1623,1747,108,1855,-232,-0.629972575,10,3,13,4,5,9
íuåÀí¨,3138,3428,3699,-561,-15.16626115,-271,-7.326304407,527.54,6.5,5.948364105,3134,4,3138,1459,1,1460,1675,3,1678,1517,1,2,1520,-71,0,-71,20,0,20,51,0,51,-31,-0.987890376,98,1,99,138,1,139,-40,-1.274697259,0,0,0,0,0,0
íÅïÉï í¨,2614,2730,3003,-389,-12.95371295,-273,-9.090909091,47.26,57.8,55.31104528,2611,3,2614,1231,1,1232,1380,2,1382,1136,1,1,1138,-32,0,-32,17,0,17,41,0,41,-24,-0.918133129,81,0,81,88,0,88,-7,-0.267788829,0,0,0,1,0,1
íÜéDì‡ë∫,4080,4006,3983,97,2.435350239,23,0.57745418,292.69,13.7,13.93966312,4060,20,4080,1980,1,1981,2080,19,2099,1848,17,3,1868,-28,-3,-31,31,0,31,57,0,57,-26,-0.637254902,192,4,196,195,7,202,-6,-0.147058824,1,0,1,0,0,0
íÜêÏí¨,1708,1907,2106,-398,-18.89838557,-199,-9.449192783,594.87,3.2,2.87121556,1706,2,1708,860,1,861,846,1,847,857,2,0,859,-33,-2,-35,15,0,15,27,0,27,-12,-0.702576112,58,10,68,79,12,91,-23,-1.346604216,0,0,0,0,0,0
íÜì⁄ï í¨,1863,1974,2289,-426,-18.61074705,-315,-13.76146789,398.55,5,4.674444863,1861,2,1863,925,2,927,936,0,936,931,2,0,933,-39,-5,-44,10,0,10,37,0,37,-27,-1.449275362,82,1,83,95,5,100,-17,-0.91250671,1,0,1,0,1,1
íÜïWí√í¨,24205,23982,23792,413,1.735877606,190,0.798587761,684.98,35,35.33679815,24146,59,24205,11820,19,11839,12326,40,12366,10942,22,25,10989,-115,1,-114,200,0,200,195,0,195,5,0.020656889,1106,8,1114,1221,7,1228,-114,-0.470977071,13,0,13,18,0,18
íÜïxó«ñÏí¨,5272,5477,5707,-435,-7.622218328,-230,-4.030138427,108.7,50.4,48.50045998,5261,11,5272,2505,2,2507,2756,9,2765,2182,4,0,2186,-124,-5,-129,32,0,32,71,0,71,-39,-0.739757208,167,2,169,257,7,264,-95,-1.801972686,5,0,5,0,0,0
í∑è¿í¨,11489,11691,12401,-912,-7.354245625,-710,-5.72534473,168.36,69.4,68.24067474,11476,13,11489,5514,8,5522,5962,5,5967,5003,4,9,5016,-169,3,-166,54,0,54,151,0,151,-97,-0.844285839,345,5,350,416,2,418,-68,-0.591870485,1,0,1,2,0,2
í∑ñúïîí¨,5972,6386,7003,-1031,-14.72226189,-617,-8.810509782,310.84,20.5,19.21245657,5916,56,5972,2800,5,2805,3116,51,3167,3207,53,3,3263,-79,10,-69,27,0,27,88,0,88,-61,-1.021433356,514,12,526,536,20,556,-30,-0.502344273,6,23,29,2,5,7
í√ï í¨,5231,5646,6222,-991,-15.92735455,-576,-9.257473481,716.6,7.9,7.299748814,5220,11,5231,2523,5,2528,2697,6,2703,2484,5,4,2493,-135,-3,-138,25,0,25,90,1,91,-66,-1.261709042,161,3,164,232,5,237,-73,-1.395526668,1,0,1,0,0,0
íÌéqã¸í¨,7877,8278,9023,-1146,-12.70087554,-745,-8.25667738,774.53,10.7,10.1700386,7851,26,7877,3723,9,3732,4128,17,4145,3937,15,8,3960,-146,5,-141,42,0,42,117,0,117,-75,-0.952139139,295,9,304,366,3,369,-65,-0.825187254,0,0,0,0,1,1
ìVâñí¨,3324,3780,4030,-706,-17.51861042,-250,-6.203473945,353.31,10.7,9.408168464,3306,18,3324,1669,6,1675,1637,12,1649,1580,6,9,1595,-103,3,-100,25,0,25,47,0,47,-22,-0.661853189,133,3,136,214,0,214,-78,-2.346570397,0,0,0,0,0,0
ìoï és,50571,51526,53135,-2564,-4.825444622,-1609,-3.02813588,212.11,242.9,238.418745,50462,109,50571,24073,50,24123,26389,59,26448,24938,58,25,25021,-335,17,-318,308,0,308,573,0,573,-265,-0.52401574,2161,46,2207,2236,21,2257,-50,-0.098870894,10,0,10,5,8,13
ìáñqë∫,1631,1781,1996,-365,-18.28657315,-215,-10.77154309,437.26,4.1,3.730046197,1630,1,1631,795,0,795,835,1,836,871,1,0,872,-43,0,-43,6,0,6,27,0,27,-21,-1.287553648,39,0,39,61,0,61,-22,-1.348865727,0,0,0,0,0,0
ìåêÏí¨,7994,7859,7701,293,3.804700688,158,2.0516816,247.06,31.8,32.35651259,7876,118,7994,3693,31,3724,4183,87,4270,3439,109,8,3556,-21,67,46,46,0,46,103,0,103,-57,-0.713034776,381,84,465,346,10,356,109,1.363522642,2,7,9,1,14,15
ìåê_äyí¨,10237,9292,9194,1043,11.34435501,98,1.065912552,68.64,135.4,149.1404429,10221,16,10237,4835,15,4850,5386,1,5387,4108,5,8,4121,187,0,187,83,0,83,85,1,86,-3,-0.029305461,503,3,506,316,2,318,188,1.83647553,2,0,2,0,0,0
ìñï í¨,17251,18766,19982,-2731,-13.66730057,-1216,-6.085476929,422.71,44.4,40.81048473,17212,39,17251,8331,15,8346,8881,24,8905,7595,15,18,7628,-361,6,-355,60,1,61,161,0,161,-100,-0.579676541,655,9,664,917,3,920,-256,-1.483971944,2,0,2,0,1,1
ìññÉí¨,6834,7087,7473,-639,-8.550782818,-386,-5.165261609,204.95,34.6,33.34471822,6827,7,6834,3164,6,3170,3663,1,3664,3049,4,3,3056,-171,0,-171,27,0,27,131,0,131,-104,-1.521802751,186,1,187,254,1,255,-68,-0.995024876,1,0,1,0,0,0
ì¥ñÍåŒí¨,9508,10132,11343,-1835,-16.17737812,-1211,-10.67618796,180.54,56.1,52.66422953,9449,59,9508,4407,16,4423,5042,43,5085,5003,47,9,5059,-265,-10,-275,41,0,41,156,1,157,-116,-1.220025242,372,39,411,522,26,548,-137,-1.440891881,4,0,4,4,22,26
ìœè¨ñqés,174064,173320,172758,1306,0.75597078,562,0.32531055,561.48,308.7,310.0092612,173632,432,174064,84740,210,84950,88892,222,89114,86018,236,112,86366,-392,-13,-405,1457,3,1460,1651,1,1652,-192,-0.110304256,5840,118,5958,6073,90,6163,-205,-0.117772773,51,13,64,16,56,72
ìœëOí¨,3390,3656,4202,-812,-19.32413137,-546,-12.99381247,454.53,8,7.458253581,3380,10,3390,1607,1,1608,1773,9,1782,1613,10,0,1623,-91,-1,-92,16,0,16,67,0,67,-51,-1.504424779,107,5,112,148,5,153,-41,-1.209439528,1,0,1,0,1,1
ìﬁà‰ç]í¨,5850,6194,6836,-986,-14.42363956,-642,-9.391456992,88.05,70.3,66.439523,5841,9,5850,2754,5,2759,3087,4,3091,2913,4,3,2920,-135,-2,-137,29,0,29,116,0,116,-87,-1.487179487,152,1,153,197,3,200,-47,-0.803418803,0,0,0,3,0,3
ìÏïxó«ñÏí¨,2650,2814,2947,-297,-10.07804547,-133,-4.513064133,665.52,4.2,3.98184878,2641,9,2650,1323,4,1327,1318,5,1323,1430,4,2,1436,-95,1,-94,23,0,23,52,0,52,-29,-1.094339623,120,8,128,186,6,192,-64,-2.41509434,4,0,4,4,1,5
ìÏñyí¨,8155,8778,9564,-1409,-14.73232957,-786,-8.218318695,81.49,107.7,100.0736287,8111,44,8155,3866,6,3872,4245,38,4283,3426,35,6,3467,-126,1,-125,42,0,42,89,0,89,-47,-0.576333538,256,13,269,336,9,345,-76,-0.931943593,3,0,3,2,3,5
ì˙çÇí¨,12913,13615,14730,-1817,-12.33536999,-1115,-7.569585879,992.67,13.7,13.00835121,12823,90,12913,6377,60,6437,6446,30,6476,6370,67,9,6446,-235,-8,-243,81,0,81,191,1,192,-111,-0.859598854,566,57,623,693,20,713,-90,-0.696972044,2,0,2,0,44,44
îëë∫,1765,1883,2185,-420,-19.22196796,-302,-13.8215103,82.35,22.9,21.43290832,1761,4,1765,823,2,825,938,2,940,928,2,1,931,-61,1,-60,7,0,7,41,0,41,-34,-1.926345609,62,1,63,89,0,89,-26,-1.473087819,0,0,0,0,0,0
îíçfí¨,8638,9294,10397,-1759,-16.91834183,-1103,-10.60882947,773.75,12,11.1638126,8625,13,8638,4066,3,4069,4559,10,4569,4214,9,4,4227,-213,2,-211,41,0,41,137,0,137,-96,-1.111368372,245,3,248,365,1,366,-118,-1.366056958,4,0,4,1,0,1
îíòVí¨,18378,19376,20748,-2370,-11.42278774,-1372,-6.61268556,425.75,45.5,43.16617733,18288,90,18378,8749,17,8766,9539,73,9612,9545,67,12,9624,-369,4,-365,70,1,71,302,1,303,-232,-1.262378931,590,34,624,735,23,758,-134,-0.729132659,10,0,10,2,7,9
îüäŸés,271479,279127,294264,-22785,-7.74304706,-15137,-5.144020336,677.93,411.7,400.4528491,270674,805,271479,123546,292,123838,147128,513,147641,142997,524,152,143673,-3038,32,-3006,1615,2,1617,3615,5,3620,-2003,-0.737810291,9037,259,9296,10247,148,10395,-1099,-0.404819526,301,15,316,129,91,220
î™â_í¨,17852,18896,20131,-2279,-11.32084844,-1235,-6.134816949,955.98,19.8,18.67403084,17775,77,17852,8670,13,8683,9105,64,9169,8547,63,10,8620,-300,15,-285,125,0,125,249,0,249,-124,-0.694600045,716,65,781,894,29,923,-142,-0.795429084,6,0,6,4,21,25
î‰ïzí¨,3924,4042,4340,-416,-9.585253456,-298,-6.866359447,87.29,46.3,44.95360293,3922,2,3924,1847,0,1847,2075,2,2077,1835,0,2,1837,-76,0,-76,16,0,16,61,0,61,-45,-1.146788991,105,0,105,137,0,137,-32,-0.815494394,1,0,1,0,0,0
î¸âSés,23984,26034,29083,-5099,-17.53257917,-3049,-10.48378778,277.61,93.8,86.39458233,23935,49,23984,11319,21,11340,12616,28,12644,12258,17,24,12299,-511,7,-504,137,0,137,372,1,373,-236,-0.983989326,559,11,570,843,3,846,-276,-1.150767178,8,0,8,0,0,0
î¸âlí¨,10593,10956,11628,-1035,-8.900928793,-672,-5.779153767,677.16,16.2,15.64327485,10560,33,10593,4971,13,4984,5589,20,5609,4753,14,10,4777,-93,5,-88,53,0,53,136,0,136,-83,-0.783536298,352,17,369,365,8,373,-4,-0.037760785,4,0,4,1,4,5
î¸ê[í¨,4727,5178,5512,-785,-14.24165457,-334,-6.059506531,672.14,7.7,7.032761032,4718,9,4727,2296,5,2301,2422,4,2426,2338,6,2,2346,-65,1,-64,21,0,21,60,0,60,-39,-0.825047599,205,20,225,232,19,251,-26,-0.550031733,2,0,2,1,0,1
î¸ñyí¨,20851,21575,22819,-1968,-8.624391954,-1244,-5.451597353,438.36,49.2,47.56592755,20801,50,20851,10028,19,10047,10773,31,10804,9679,28,16,9723,-200,13,-187,131,0,131,249,0,249,-118,-0.5659201,757,21,778,840,8,848,-70,-0.335715313,2,0,2,1,0,1
ïWíÉí¨,8007,8285,8936,-929,-10.3961504,-651,-7.285138765,1099.41,7.5,7.282997244,7963,44,8007,3850,10,3860,4113,34,4147,3595,38,3,3636,-108,8,-100,54,0,54,109,0,109,-55,-0.686898963,254,34,288,307,25,332,-44,-0.549519171,1,1,2,1,2,3
ïWí√í¨,5460,5646,6063,-603,-9.945571499,-417,-6.877783276,624.49,9,8.743134398,5430,30,5460,2652,2,2654,2778,28,2806,2316,26,4,2346,-102,4,-98,32,0,32,71,0,71,-39,-0.714285714,217,13,230,284,4,288,-58,-1.062271062,6,0,6,2,5,7
ïlíÜí¨,6282,6511,7005,-723,-10.32119914,-494,-7.052105639,423.44,15.4,14.83563197,6237,45,6282,3050,6,3056,3187,39,3226,2430,42,3,2475,-93,9,-84,46,0,46,75,0,75,-29,-0.461636422,178,44,222,243,33,276,-54,-0.859598854,1,0,1,0,2,2
ïlì⁄ï í¨,3933,4168,4582,-649,-14.16412047,-414,-9.03535574,401.56,10.4,9.794302221,3850,83,3933,1909,3,1912,1941,80,2021,1901,76,7,1984,-71,4,-67,26,0,26,58,0,58,-32,-0.813628274,156,49,205,196,45,241,-36,-0.915331808,1,0,1,0,0,0
ïxó«ñÏés,23324,24259,25076,-1752,-6.986760249,-817,-3.25809539,600.97,40.4,38.81058955,23177,147,23324,10949,43,10992,12228,104,12332,10903,111,22,11036,-296,41,-255,152,0,152,290,0,290,-138,-0.591665238,912,93,1005,1075,50,1125,-120,-0.514491511,5,0,5,0,2,2
ïΩéÊí¨,5416,5596,6173,-757,-12.26308116,-577,-9.347156974,743.16,7.5,7.287798052,5365,51,5416,2600,33,2633,2765,18,2783,2537,35,15,2587,-89,-15,-104,41,0,41,77,0,77,-36,-0.664697194,217,73,290,270,88,358,-68,-1.255539143,0,0,0,0,0,0
ï äCí¨,15847,15855,16460,-613,-3.72417983,-605,-3.675577157,1320.23,12,12.00321156,15639,208,15847,7853,103,7956,7786,105,7891,6363,178,21,6562,-134,0,-134,121,0,121,142,0,142,-21,-0.132517196,592,90,682,707,69,776,-94,-0.593172209,3,0,3,1,21,22
ñLâYí¨,4306,4528,4771,-465,-9.746384406,-243,-5.093271851,233.54,19.4,18.43795495,4280,26,4306,2016,16,2032,2264,10,2274,2264,16,5,2285,-64,1,-63,29,1,30,72,0,72,-42,-0.975383186,240,7,247,260,5,265,-18,-0.418021366,2,1,3,3,3,6
ñLç†í¨,3359,3394,3732,-373,-9.994640943,-338,-9.056806002,536.52,6.3,6.260717215,3341,18,3359,1613,2,1615,1728,16,1744,1502,9,5,1516,-65,4,-61,11,0,11,48,0,48,-37,-1.101518309,111,6,117,139,2,141,-24,-0.714498363,1,0,1,1,0,1
ñLïxí¨,4172,4378,4850,-678,-13.97938144,-472,-9.731958763,520.67,8.4,8.012752799,4158,14,4172,2104,3,2107,2054,11,2065,1974,3,8,1985,-41,-4,-45,35,0,35,55,0,55,-20,-0.479386385,163,2,165,187,5,192,-27,-0.64717162,3,0,3,0,1,1
ñkå©és,122198,125689,129365,-7167,-5.540138368,-3676,-2.841572295,1427.56,88,85.59920424,121866,332,122198,57917,176,58093,63949,156,64105,61017,216,72,61305,-1208,5,-1203,787,2,789,1469,1,1470,-681,-0.557292263,4121,104,4225,4696,76,4772,-547,-0.447634168,68,3,71,19,27,46
ñkçLìáés,59629,60353,60677,-1048,-1.727178338,-324,-0.533974982,118.54,509.1,503.0285136,59485,144,59629,28627,71,28698,30858,73,30931,26604,62,44,26710,-286,-16,-302,325,2,327,537,1,538,-211,-0.353854668,2376,27,2403,2439,44,2483,-80,-0.134162907,0,2,2,11,2,13
ñkìlés,47967,48032,48056,-89,-0.185200599,-24,-0.049941735,397.3,120.9,120.732444,47867,100,47967,22601,27,22628,25266,73,25339,21741,74,19,21834,-368,12,-356,314,0,314,502,0,502,-188,-0.391936123,1747,31,1778,1958,21,1979,-201,-0.419038089,31,2,33,0,0,0
ñkó≥í¨,2041,2193,2376,-335,-14.0993266,-183,-7.702020202,158.82,13.8,12.85102632,2040,1,2041,979,0,979,1061,1,1062,855,1,0,856,-37,-2,-39,10,0,10,33,0,33,-23,-1.126898579,51,1,52,65,3,68,-16,-0.783929446,1,1,2,1,1,2
ñyâÑí¨,2501,2677,2784,-283,-10.16522989,-107,-3.843390805,574.27,4.7,4.355094294,2478,23,2501,1266,12,1278,1212,11,1223,1275,9,0,1284,-55,3,-52,18,0,18,22,0,22,-4,-0.159936026,143,8,151,194,4,198,-47,-1.879248301,1,1,2,1,2,3
ñyâ¡ì‡í¨,1620,1710,1952,-332,-17.00819672,-242,-12.39754098,767.03,2.2,2.112042554,1618,2,1620,807,1,808,811,1,812,829,1,1,831,-25,0,-25,9,0,9,23,0,23,-14,-0.864197531,87,0,87,99,0,99,-12,-0.740740741,2,0,2,1,0,1
ñ{ï í¨,7733,8275,9072,-1339,-14.75970018,-797,-8.785273369,391.99,21.1,19.72754407,7716,17,7733,3793,8,3801,3923,9,3932,3739,7,8,3754,-180,-2,-182,49,0,49,118,1,119,-70,-0.905211432,304,3,307,415,4,419,-112,-1.44833829,0,0,0,0,0,0
ñÖîwãçí¨,3241,3462,3943,-702,-17.80370276,-481,-12.19883338,48.55,71.3,66.75592173,3240,1,3241,1535,1,1536,1705,0,1705,1443,1,0,1444,-89,0,-89,13,0,13,44,0,44,-31,-0.956494909,60,0,60,118,0,118,-58,-1.78957112,0,0,0,0,0,0
ñãï í¨,27660,26547,26868,792,2.947744529,-321,-1.19472979,478,55.5,57.86610879,27603,57,27660,13184,15,13199,14419,42,14461,12151,41,14,12206,-18,-4,-22,171,0,171,283,0,283,-112,-0.404916847,1083,28,1111,1003,25,1028,83,0.300072307,14,0,14,0,7,7
ñºäÒés,29099,30591,31628,-2529,-7.996079423,-1037,-3.278740357,535.23,57.2,54.36728136,29031,68,29099,14133,38,14171,14898,30,14928,14317,18,20,14355,-447,4,-443,243,2,245,343,0,343,-98,-0.336781333,1361,96,1457,1709,92,1801,-344,-1.182171209,5,0,5,4,2,6
ñ‘ëñés,37740,40998,42045,-4305,-10.23902961,-1047,-2.490189083,471,87,80.12738854,37553,187,37740,18478,37,18515,19075,150,19225,18329,137,28,18494,-515,15,-500,240,1,241,429,1,430,-189,-0.500794913,1803,83,1886,2147,57,2204,-318,-0.842607313,23,0,23,5,11,16
ñÿå√ì‡í¨,4683,5341,6024,-1341,-22.26095618,-683,-11.33798141,221.89,24.1,21.10505205,4660,23,4683,2175,2,2177,2485,21,2506,2365,20,1,2386,-131,-1,-132,10,0,10,90,0,90,-80,-1.708306641,155,6,161,206,7,213,-52,-1.110399317,0,0,0,0,0,0
ñ‰ï és,23644,24750,26632,-2988,-11.21958546,-1882,-7.066686693,830.7,29.8,28.46274227,23355,289,23644,11065,43,11108,12290,246,12536,11916,259,17,12192,-419,24,-395,175,0,175,335,0,335,-160,-0.676704449,882,175,1057,1153,139,1292,-235,-0.99390966,13,1,14,1,13,14
óNï í¨,9535,10041,10758,-1223,-11.36828407,-717,-6.664807585,505.74,19.9,18.85356112,9425,110,9535,4522,10,4532,4903,100,5003,4130,103,7,4240,-177,-3,-180,61,0,61,136,0,136,-75,-0.786575774,248,73,321,353,65,418,-97,-1.017304667,3,0,3,0,11,11
óRêmí¨,5624,5896,6477,-853,-13.16967732,-581,-8.970202254,133.86,44,42.01404452,5613,11,5624,2678,4,2682,2935,7,2942,2489,7,1,2497,-80,0,-80,24,0,24,79,0,79,-55,-0.977951636,166,2,168,192,2,194,-26,-0.46230441,1,0,1,0,0,0
óYïêí¨,4700,4939,5507,-807,-14.65407663,-568,-10.31414563,637.06,7.8,7.377641039,4565,135,4700,2199,49,2248,2366,86,2452,2114,121,8,2243,-74,-10,-84,30,0,30,67,0,67,-37,-0.787234043,149,67,216,187,71,258,-42,-0.893617021,1,0,1,0,6,6
ó[í£és,9440,10922,13001,-3561,-27.39020075,-2079,-15.99107761,763.2,14.3,12.36897275,9409,31,9440,4418,4,4422,4991,27,5018,5288,29,2,5319,-365,4,-361,27,0,27,195,0,195,-168,-1.779661017,226,91,317,423,86,509,-192,-2.033898305,3,0,3,3,1,4
ó]ésí¨,20152,21258,22734,-2582,-11.3574382,-1476,-6.492478226,140.6,151.2,143.3285917,20055,97,20152,9326,8,9334,10729,89,10818,10051,84,11,10146,-302,-5,-307,104,0,104,304,0,304,-200,-0.992457324,734,37,771,846,48,894,-123,-0.610361255,10,55,65,0,49,49
óléóí¨,4703,5114,5711,-1008,-17.65014884,-597,-10.45351077,364.33,14,12.90862679,4693,10,4703,2232,2,2234,2461,8,2469,2242,5,5,2252,-106,-2,-108,20,0,20,54,0,54,-34,-0.722942803,119,3,122,193,4,197,-75,-1.59472677,2,0,2,0,1,1
óÖâPí¨,5678,5885,6540,-862,-13.18042813,-655,-10.01529052,397.88,14.8,14.27063436,5635,43,5678,2790,11,2801,2845,32,2877,2186,41,2,2229,-106,-3,-109,40,0,40,55,0,55,-15,-0.264177527,151,29,180,243,32,275,-95,-1.67312434,1,0,1,0,0,0
óñâzí¨,5030,5292,5802,-772,-13.30575664,-510,-8.790072389,449.68,11.8,11.18573208,5015,15,5030,2397,7,2404,2618,8,2626,2366,5,8,2379,-106,3,-103,32,0,32,64,0,64,-32,-0.636182903,149,7,156,223,4,227,-71,-1.411530815,0,0,0,0,0,0
óòêKí¨,2236,2590,2951,-715,-24.22907489,-361,-12.23314131,76.49,33.9,29.23257942,2234,2,2236,1073,2,1075,1161,0,1161,1147,1,0,1148,-51,-3,-54,18,0,18,34,0,34,-16,-0.715563506,111,1,112,146,0,146,-34,-1.520572451,0,0,0,0,4,4
óòêKïxémí¨,2749,3037,3239,-490,-15.12812596,-202,-6.236492745,105.69,28.7,26.01002933,2730,19,2749,1303,1,1304,1427,18,1445,1335,17,2,1354,-37,2,-35,16,0,16,45,0,45,-29,-1.054929065,111,4,115,119,2,121,-6,-0.218261186,0,0,0,0,0,0
ó§ï í¨,2596,2650,2956,-360,-12.17861976,-306,-10.35182679,608.81,4.4,4.26405611,2579,17,2596,1288,5,1293,1291,12,1303,1351,3,0,1354,-15,1,-14,18,0,18,31,0,31,-13,-0.500770416,114,6,120,116,5,121,-1,-0.038520801,0,0,0,0,0,0
óØéıìsë∫,1886,2034,2165,-279,-12.88683603,-131,-6.050808314,119.92,17,15.72715143,1861,25,1886,929,8,937,932,17,949,845,21,4,870,-16,-3,-19,18,0,18,24,0,24,-6,-0.318133616,99,47,146,109,42,151,-5,-0.265111347,0,0,0,0,8,8
óØñGés,22957,24457,26826,-3869,-14.42257511,-2369,-8.830984865,297.51,82.2,77.16379281,22867,90,22957,10944,14,10958,11923,76,11999,11844,80,6,11930,-495,1,-494,149,1,150,298,0,298,-148,-0.644683539,1072,32,1104,1429,30,1459,-355,-1.546369299,13,0,13,2,2,4
òaä¶í¨,3699,3832,4238,-539,-12.71826333,-406,-9.579990562,224.83,17,16.45243073,3690,9,3699,1698,7,1705,1992,2,1994,1727,9,0,1736,-70,1,-69,17,0,17,52,0,52,-35,-0.946201676,84,6,90,119,2,121,-31,-0.838064342,1,0,1,1,3,4
óÁï∂í¨,2726,3078,3410,-684,-20.05865103,-332,-9.736070381,81.33,37.8,33.51776712,2703,23,2726,1345,3,1348,1358,20,1378,1321,17,4,1342,-91,-1,-92,13,0,13,40,0,40,-27,-0.990462216,111,9,120,175,10,185,-65,-2.384446075,0,0,0,0,0,0
ê_åbì‡ë∫,946,1122,1319,-373,-28.27899924,-197,-14.93555724,147.71,7.6,6.404441135,946,0,946,451,0,451,495,0,495,499,0,0,499,-31,0,-31,4,0,4,21,0,21,-17,-1.797040169,27,0,27,41,0,41,-14,-1.479915433,0,0,0,0,0,0
ïüìáí¨,4669,5114,5897,-1228,-20.82414787,-783,-13.27793793,187.25,27.3,24.93457944,4634,35,4669,2166,4,2170,2468,31,2499,2246,30,4,2280,-128,0,-128,19,0,19,102,0,102,-83,-1.777682587,130,12,142,168,12,180,-38,-0.813878775,1,0,1,8,0,8
âHñyí¨,7552,7964,8740,-1188,-13.59267735,-776,-8.878718536,472.53,16.9,15.98205405,7547,5,7552,3588,2,3590,3959,3,3962,3716,1,4,3721,-168,1,-167,48,0,48,134,0,134,-86,-1.138771186,249,2,251,330,1,331,-80,-1.059322034,0,0,0,1,0,1
íﬂãèë∫,2532,2627,2672,-140,-5.239520958,-45,-1.684131737,571.84,4.6,4.427811975,2516,16,2532,1260,3,1263,1256,13,1269,1088,8,8,1104,-8,3,-5,12,0,12,25,0,25,-13,-0.51342812,96,7,103,91,3,94,9,0.355450237,0,0,0,0,1,1
ãûã…í¨,3215,3811,3583,-368,-10.27072286,228,6.36338264,231.61,16.5,13.88109322,3205,10,3215,1573,1,1574,1632,9,1641,1477,1,9,1487,-51,-1,-52,21,0,21,36,0,36,-15,-0.466562986,108,1,109,144,2,146,-37,-1.150855366,0,0,0,0,0,0
