27N11Z{䒠lEѐA26Ni11瓯N1231܂Łjlԁis撬ʁjivj,l v,l j,l ,ѐ,Z[Lڐ ]Ґij,Z[Lڐ ]ҐiOj,Z[Lڐ ]Ґivj,Z[Lڐ oҐ,Z[Lڐ ̑ivj,Z[Lڐ vi`j,]oҐij,Z[ ]oҐiOj,Z[ ]oҐivj,Z[ SҐ,Z[ ̑ivj,Z[ viaj,(`)-(a),,R,R,Љ,Љ,R[h,s{,s撬
܎s,86386,42898,43488,36090,3877,141,4018,696,65,4779,3629,123,3752,748,50,4550,229,0.27,-52,-0.06,281,0.33,111015,ʌ,܎s
܎sk,145204,72645,72559,63550,8566,445,9011,1304,71,10386,8681,307,8988,1031,172,10191,195,0.13,273,0.19,-78,-0.05,111023,ʌ,܎sk
܎s{,114112,56688,57424,52865,8206,485,8691,1048,91,9830,7013,285,7298,929,158,8385,1445,1.28,119,0.11,1326,1.18,111031,ʌ,܎s{
܎s,160501,79584,80917,68613,7008,332,7340,1156,119,8615,6569,247,6816,1323,219,8358,257,0.16,-167,-0.1,424,0.26,111040,ʌ,܎s
܎s,98239,49076,49163,44242,6918,363,7281,889,79,8249,6153,230,6383,761,167,7311,938,0.96,128,0.13,810,0.83,111058,ʌ,܎s
܎s,95584,48798,46786,43245,5340,528,5868,724,88,6680,5424,271,5695,709,185,6589,91,0.1,15,0.02,76,0.08,111066,ʌ,܎s
܎sYa,153141,74706,78435,68032,10410,799,11209,1320,141,12670,8651,528,9179,1044,151,10374,2296,1.52,276,0.18,2020,1.34,111074,ʌ,܎sYa
܎s,178712,90424,88288,79669,10962,704,11666,1729,133,13528,10743,469,11212,1177,250,12639,889,0.5,552,0.31,337,0.19,111082,ʌ,܎s
܎s΋,117843,58578,59265,47810,6204,209,6413,1080,97,7590,5167,220,5387,855,73,6315,1275,1.09,225,0.19,1050,0.9,111091,ʌ,܎s΋
܎s΋,111157,56178,54979,47054,3707,215,3922,627,87,4636,3681,145,3826,1011,117,4954,-318,-0.29,-384,-0.34,66,0.06,111104,ʌ,܎s΋
zs,349378,175236,174142,149861,12959,1112,14071,2824,238,17133,12229,741,12970,2966,414,16350,783,0.22,-142,-0.04,925,0.27,112011,ʌ,zs
FJs,201627,100548,101079,83568,7314,350,7664,1407,95,9166,7099,386,7485,2048,160,9693,-527,-0.26,-641,-0.32,114,0.06,112020,ʌ,FJs
s,589205,299186,290019,266902,27608,3291,30899,5152,580,36631,23846,1117,24963,4592,1860,31415,5216,0.89,560,0.1,4656,0.8,112038,ʌ,s
scs,84363,41961,42402,33893,2157,157,2314,529,43,2886,2631,115,2746,934,86,3766,-880,-1.03,-405,-0.48,-475,-0.56,112062,ʌ,scs
s,66073,32296,33777,26343,1126,55,1181,420,46,1647,1571,48,1619,855,42,2516,-869,-1.3,-435,-0.65,-434,-0.65,112071,ʌ,s
s,343083,170744,172339,152262,13715,1080,14795,2666,177,17638,13868,677,14545,2610,325,17480,158,0.05,56,0.02,102,0.03,112089,ʌ,s
є\s,80823,40424,40399,33497,2339,217,2556,476,19,3051,2474,160,2634,807,53,3494,-443,-0.55,-331,-0.41,-112,-0.14,112097,ʌ,є\s
{s,114963,57428,57535,44342,3264,193,3457,672,31,4160,3532,249,3781,1156,72,5009,-849,-0.73,-484,-0.42,-365,-0.32,112101,ʌ,{s
{s,79464,39497,39967,32838,2715,179,2894,543,46,3483,2696,177,2873,919,110,3902,-419,-0.52,-376,-0.47,-43,-0.05,112119,ʌ,{s
Rs,89402,44850,44552,37180,3354,307,3661,652,119,4432,3157,224,3381,844,154,4379,53,0.06,-192,-0.21,245,0.27,112127,ʌ,Rs
ts,237723,118413,119310,101376,7368,427,7795,1660,118,9573,8053,343,8396,2110,307,10813,-1240,-0.52,-450,-0.19,-790,-0.33,112143,ʌ,ts
Rs,154288,77751,76537,66173,5704,303,6007,1031,36,7074,5820,208,6028,1392,138,7558,-484,-0.31,-361,-0.23,-123,-0.08,112151,ʌ,Rs
Hs,55886,27928,27958,21845,1757,183,1940,340,56,2336,1759,87,1846,607,138,2591,-255,-0.45,-267,-0.48,12,0.02,112160,ʌ,Hs
s,119301,59070,60231,47391,3815,191,4006,768,32,4806,3996,151,4147,999,105,5251,-445,-0.37,-231,-0.19,-214,-0.18,112178,ʌ,s
[Js,145695,72641,73054,57010,4256,276,4532,1088,65,5685,4000,285,4285,1492,212,5989,-304,-0.21,-404,-0.28,100,0.07,112186,ʌ,[Js
s,227897,113386,114511,96136,8109,446,8555,1742,70,10367,8223,372,8595,1870,160,10625,-258,-0.11,-128,-0.06,-130,-0.06,112194,ʌ,s
s,245389,124636,120753,109575,10769,632,11401,1988,111,13500,9809,387,10196,1789,415,12400,1100,0.45,199,0.08,901,0.37,112216,ʌ,s
zJs,333736,166342,167394,142907,13081,769,13850,2795,228,16873,11318,442,11760,2559,383,14702,2171,0.65,236,0.07,1935,0.58,112224,ʌ,zJs
ns,72317,36735,35582,36003,5119,600,5719,590,95,6404,5099,251,5350,664,322,6336,68,0.09,-74,-0.1,142,0.2,112232,ʌ,ns
˓cs,132880,68377,64503,59998,9258,898,10156,1571,174,11901,7814,292,8106,799,454,9359,2542,1.95,772,0.59,1770,1.36,112241,ʌ,˓cs
Ԏs,149952,74631,75321,62439,4922,241,5163,1009,48,6220,4922,223,5145,1193,146,6484,-264,-0.18,-184,-0.12,-80,-0.05,112259,ʌ,Ԏs
s,134132,67982,66150,60525,8563,482,9045,1456,85,10586,7646,330,7976,825,102,8903,1683,1.27,631,0.48,1052,0.79,112275,ʌ,s
u؎s,73443,36742,36701,32203,3950,350,4300,689,4,4993,3687,210,3897,524,90,4511,482,0.66,165,0.23,317,0.43,112283,ʌ,u؎s
as,79992,41275,38717,38345,7100,503,7603,844,109,8556,7026,386,7412,436,77,7925,631,0.8,408,0.51,223,0.28,112291,ʌ,as
Vs,163153,81790,81363,70651,7325,461,7786,1317,141,9244,6907,304,7211,1228,179,8618,626,0.39,89,0.05,537,0.33,112305,ʌ,Vs
s,75207,37447,37760,30854,2672,154,2826,566,38,3430,2668,148,2816,645,28,3489,-59,-0.08,-79,-0.1,20,0.03,112313,ʌ,s
vs,154694,77322,77372,62572,5009,309,5318,1032,88,6438,5170,240,5410,1358,134,6902,-464,-0.3,-326,-0.21,-138,-0.09,112321,ʌ,vs
k{s,68657,34167,34490,28470,2243,111,2354,410,19,2783,2279,126,2405,633,21,3059,-276,-0.4,-223,-0.32,-53,-0.08,112330,ʌ,k{s
s,85572,44397,41175,37141,4185,261,4446,773,99,5318,3716,142,3858,605,187,4650,668,0.79,168,0.2,500,0.59,112348,ʌ,s
xms,109164,54476,54688,48354,5957,326,6283,962,45,7290,5412,242,5654,897,44,6595,695,0.64,65,0.06,630,0.58,112356,ʌ,xms
Os,136798,69397,67401,58694,6098,369,6467,1207,130,7804,5110,227,5337,1059,220,6616,1188,0.88,148,0.11,1040,0.77,112372,ʌ,Os
@cs,62773,31325,31448,26022,2211,88,2299,409,38,2746,2350,73,2423,576,51,3050,-304,-0.48,-167,-0.26,-137,-0.22,112381,ʌ,@cs
ˎs,101219,50853,50366,43504,4094,471,4565,720,50,5335,4028,207,4235,809,170,5214,121,0.12,-89,-0.09,210,0.21,112399,ʌ,ˎs
Ks,53096,26644,26452,22056,1430,88,1518,321,58,1897,1749,64,1813,569,48,2430,-533,-0.99,-248,-0.46,-285,-0.53,112402,ʌ,Ks
߃s,70184,35002,35182,29502,3064,276,3340,518,37,3895,3157,149,3306,539,84,3929,-34,-0.05,-21,-0.03,-13,-0.02,112411,ʌ,߃s
s,57249,28592,28657,23255,1755,444,2199,344,13,2556,2142,146,2288,511,13,2812,-256,-0.45,-167,-0.29,-89,-0.15,112429,ʌ,s
gs,69871,35133,34738,27492,3685,175,3860,579,29,4468,2529,92,2621,510,105,3236,1232,1.79,69,0.1,1163,1.69,112437,ʌ,gs
ӂݖs,111920,55883,56037,48719,6681,235,6916,942,46,7904,4869,177,5046,936,123,6105,1799,1.63,6,0.01,1793,1.63,112453,ʌ,ӂݖs
s,51688,25822,25866,19936,2131,93,2224,415,16,2655,1688,58,1746,469,19,2234,421,0.82,-54,-0.11,475,0.93,112461,ʌ,s
kS,44088,22251,21837,17248,1690,66,1756,358,32,2146,1617,48,1665,276,9,1950,196,0.45,82,0.19,114,0.26,113000,ʌ,kS
ɓޒ,44088,22251,21837,17248,1690,66,1756,358,32,2146,1617,48,1665,276,9,1950,196,0.45,82,0.19,114,0.26,113018,ʌ,kSɓޒ
ԌS,85846,42893,42953,36338,2886,144,3030,474,48,3552,2990,143,3133,853,70,4056,-504,-0.58,-379,-0.44,-125,-0.14,113204,ʌ,ԌS
OF,38233,19136,19097,15626,1353,55,1408,247,16,1671,1320,53,1373,299,53,1725,-54,-0.14,-52,-0.14,-2,-0.01,113247,ʌ,ԌSOF
јCR,35304,17617,17687,15751,1205,72,1277,172,25,1474,1298,74,1372,401,12,1785,-311,-0.87,-229,-0.64,-82,-0.23,113263,ʌ,ԌSјCR
z,12309,6140,6169,4961,328,17,345,55,7,407,372,16,388,153,5,546,-139,-1.12,-98,-0.79,-41,-0.33,113271,ʌ,ԌSz
S,136383,68353,68030,53410,3769,252,4021,706,85,4812,4537,226,4763,1454,159,6376,-1564,-1.13,-748,-0.54,-816,-0.59,113409,ʌ,S
쒬,17748,9071,8677,6859,845,49,894,157,20,1071,695,27,722,147,50,919,152,0.86,10,0.06,142,0.81,113417,ʌ,S쒬
R,18274,9086,9188,7531,605,47,652,112,19,783,597,30,627,198,29,854,-71,-0.39,-86,-0.47,15,0.08,113425,ʌ,SR
쒬,32218,15955,16263,13004,712,39,751,144,18,913,1087,38,1125,329,29,1483,-570,-1.74,-185,-0.56,-385,-1.17,113433,ʌ,S쒬
쓇,21229,10819,10410,7844,517,34,551,112,5,668,676,40,716,229,32,977,-309,-1.43,-117,-0.54,-192,-0.89,113468,ʌ,S쓇
g,20382,10236,10146,7591,482,34,516,97,8,621,681,35,716,222,7,945,-324,-1.56,-125,-0.6,-199,-0.96,113476,ʌ,Sg
R,14470,7143,7327,5876,332,23,355,40,2,397,459,10,469,163,7,639,-242,-1.64,-123,-0.84,-119,-0.81,113484,ʌ,SR
Ƃ풬,12062,6043,6019,4705,276,26,302,44,13,359,342,46,388,166,5,559,-200,-1.63,-122,-0.99,-78,-0.64,113492,ʌ,SƂ풬
S,42760,21096,21664,16171,859,136,995,225,15,1235,1264,46,1310,682,10,2002,-767,-1.76,-457,-1.05,-310,-0.71,113603,ʌ,S
,8792,4369,4423,3331,241,10,251,55,4,310,301,10,311,132,1,444,-134,-1.5,-77,-0.86,-57,-0.64,113611,ʌ,S
F쒬,10434,5119,5315,3969,208,10,218,58,2,278,296,19,315,173,8,496,-218,-2.05,-115,-1.08,-103,-0.97,113620,ʌ,SF쒬
Ғ,7611,3729,3882,2897,164,106,270,36,1,307,279,9,288,112,0,400,-93,-1.21,-76,-0.99,-17,-0.22,113638,ʌ,SҒ
쒬,12788,6305,6483,4874,203,10,213,63,8,284,317,6,323,209,1,533,-249,-1.91,-146,-1.12,-103,-0.79,113654,ʌ,S쒬
,3135,1574,1561,1100,43,0,43,13,0,56,71,2,73,56,0,129,-73,-2.28,-43,-1.34,-30,-0.94,113697,ʌ,S
ʌS,57190,28610,28580,21701,2000,93,2093,364,30,2487,1915,70,1985,694,134,2813,-326,-0.57,-330,-0.57,4,0.01,113808,ʌ,ʌS
,11589,5820,5769,4126,360,12,372,70,5,447,323,18,341,151,13,505,-58,-0.5,-81,-0.7,23,0.2,113816,ʌ,ʌS
_쒬,14094,7116,6978,5384,491,11,502,87,10,599,519,10,529,223,32,784,-185,-1.3,-136,-0.95,-49,-0.34,113832,ʌ,ʌS_쒬
㗢,31507,15674,15833,12191,1149,70,1219,207,15,1441,1073,42,1115,320,89,1524,-83,-0.26,-113,-0.36,30,0.09,113859,ʌ,ʌS㗢
嗢S,35213,17576,17637,14280,1051,73,1124,199,16,1339,1278,42,1320,379,38,1737,-398,-1.12,-180,-0.51,-218,-0.61,114006,ʌ,嗢S
񋏒,35213,17576,17637,14280,1051,73,1124,199,16,1339,1278,42,1320,379,38,1737,-398,-1.12,-180,-0.51,-218,-0.61,114081,ʌ,嗢S񋏒
ʌS,33392,16822,16570,13977,1464,71,1535,231,13,1779,1209,36,1245,331,37,1613,166,0.5,-100,-0.3,266,0.8,114405,ʌ,ʌS
{㒬,33392,16822,16570,13977,1464,71,1535,231,13,1779,1209,36,1245,331,37,1613,166,0.5,-100,-0.3,266,0.8,114421,ʌ,ʌS{㒬
kS,76888,38707,38181,30022,2336,102,2438,451,33,2922,2609,84,2693,689,66,3448,-526,-0.68,-238,-0.31,-288,-0.37,114600,ʌ,kS
˒,46298,23236,23062,18413,1462,64,1526,266,10,1802,1578,49,1627,416,43,2086,-284,-0.61,-150,-0.32,-134,-0.29,114642,ʌ,kS˒
,30590,15471,15119,11609,874,38,912,185,23,1120,1031,35,1066,273,23,1362,-242,-0.78,-88,-0.29,-154,-0.5,114651,ʌ,kS
ts,201427,101737,99690,98528,12729,823,13552,1816,213,15581,11597,438,12035,1843,542,14420,1161,0.58,-27,-0.01,1188,0.59,121011,t,ts
tsԌ,178030,88723,89307,80728,8673,750,9423,1269,187,10879,9349,420,9769,1521,309,11599,-720,-0.4,-252,-0.14,-468,-0.26,121029,t,tsԌ
tsы,156455,78134,78321,70786,9058,644,9702,1241,156,11099,7939,444,8383,1248,352,9983,1116,0.72,-7,0,1123,0.72,121037,t,tsы
tst,150616,75871,74745,69038,6843,364,7207,1039,133,8379,6558,178,6736,1528,255,8519,-140,-0.09,-489,-0.32,349,0.23,121045,t,tst
ts΋,126752,62428,64324,50632,5515,267,5782,1068,85,6935,5025,233,5258,816,93,6167,768,0.61,252,0.2,516,0.41,121053,t,ts΋
tsl,149096,72913,76183,64619,6411,1217,7628,1029,156,8813,6756,604,7360,913,400,8673,140,0.09,116,0.08,24,0.02,121061,t,tsl
qs,66882,32326,34556,27857,1218,467,1685,301,44,2030,1790,164,1954,964,338,3256,-1226,-1.8,-663,-0.97,-563,-0.83,122025,t,qs
ss,472757,240533,232224,227850,29602,2135,31737,4438,221,36396,27092,1420,28512,3365,910,32787,3609,0.77,1073,0.23,2536,0.54,122033,t,ss
Ds,622988,312974,310014,283125,28941,2622,31563,5438,575,37576,27263,1355,28618,4558,963,34139,3437,0.55,880,0.14,2557,0.41,122041,t,Ds
َRs,48749,23362,25387,22692,1782,111,1893,310,30,2233,1904,44,1948,679,28,2655,-422,-0.86,-369,-0.75,-53,-0.11,122050,t,َRs
؍XÎs,133064,66896,66168,58032,5688,279,5967,1023,116,7106,4828,160,4988,1233,166,6387,719,0.54,-210,-0.16,929,0.7,122068,t,؍XÎs
ˎs,487376,243811,243565,223461,21098,2205,23303,3822,196,27321,20850,1091,21941,3833,133,25907,1414,0.29,-11,0,1425,0.29,122076,t,ˎs
cs,155900,78269,77631,64450,4496,375,4871,1001,115,5987,4633,267,4900,1458,152,6510,-523,-0.33,-457,-0.29,-66,-0.04,122084,t,cs
Όs,91855,45255,46600,39121,2830,150,2980,579,77,3636,3034,128,3162,987,110,4259,-623,-0.67,-408,-0.44,-215,-0.23,122106,t,Όs
cs,131418,66217,65201,57891,6982,2006,8988,1271,21,10280,8514,300,8814,1049,223,10086,194,0.15,222,0.17,-28,-0.02,122114,t,cs
qs,177601,87597,90004,74518,6108,646,6754,1150,108,8012,5838,573,6411,1549,103,8063,-51,-0.03,-399,-0.22,348,0.2,122122,t,qs
s,60424,30041,30383,25767,2702,441,3143,418,69,3630,3051,172,3223,580,224,4027,-397,-0.65,-162,-0.27,-235,-0.39,122131,t,s
s,68020,33398,34622,25201,1504,602,2106,490,40,2636,2135,84,2219,745,186,3150,-514,-0.75,-255,-0.37,-259,-0.38,122157,t,s
Kus,166523,83256,83267,73795,9673,675,10348,1408,80,11836,8584,490,9074,1181,248,10503,1333,0.81,227,0.14,1106,0.67,122165,t,Kus
s,406281,202071,204210,175624,17737,1853,19590,3212,330,23132,16582,936,17518,2928,479,20925,2207,0.55,284,0.07,1923,0.48,122173,t,s
Ys,19583,9863,9720,9327,808,46,854,79,12,945,940,19,959,331,26,1316,-371,-1.86,-252,-1.26,-119,-0.6,122181,t,Ys
ss,280340,144003,136337,121562,7920,750,8670,2048,309,11027,8595,415,9010,2418,302,11730,-703,-0.25,-370,-0.13,-333,-0.12,122190,t,ss
Rs,172659,85578,87081,72787,9395,383,9778,1686,120,11584,6945,369,7314,1245,152,8711,2873,1.69,441,0.26,2432,1.43,122203,t,Rs
s,194101,96127,97974,83267,9013,577,9590,1514,125,11229,7904,512,8416,1457,570,10443,786,0.41,57,0.03,729,0.38,122211,t,s
䑷qs,133216,65653,67563,56715,4468,699,5167,846,24,6037,4919,346,5265,1107,114,6486,-449,-0.34,-261,-0.2,-188,-0.14,122220,t,䑷qs
s,34881,16663,18218,15955,1114,119,1233,188,13,1434,1246,36,1282,541,42,1865,-431,-1.22,-353,-1,-78,-0.22,122238,t,s
PJs,109562,54382,55180,46686,4603,991,5594,861,73,6528,5497,173,5670,896,95,6661,-133,-0.12,-35,-0.03,-98,-0.09,122246,t,PJs
NÎs,88126,44916,43210,38154,2885,129,3014,659,33,3706,2989,106,3095,950,104,4149,-443,-0.5,-291,-0.33,-152,-0.17,122254,t,NÎs
xÎs,47108,23735,23373,19596,1310,50,1360,227,45,1632,1450,39,1489,637,46,2172,-540,-1.13,-410,-0.86,-130,-0.27,122262,t,xÎs
Ys,162914,80704,82210,74184,9654,863,10517,1332,144,11993,9594,852,10446,765,246,11457,536,0.33,567,0.35,-31,-0.02,122271,t,Ys
lXs,91340,45625,45715,37933,3396,382,3778,729,35,4542,3386,150,3536,765,107,4408,134,0.15,-36,-0.04,170,0.19,122289,t,lXs
PYs,62022,31333,30689,25297,2140,142,2282,433,11,2726,1856,111,1967,539,74,2580,146,0.24,-106,-0.17,252,0.41,122297,t,PYs
Xs,73449,37316,36133,30590,2186,231,2417,418,87,2922,2800,94,2894,708,163,3765,-843,-1.13,-290,-0.39,-553,-0.74,122301,t,Xs
󐼎s,93722,46639,47083,35629,3850,419,4269,746,68,5083,3682,291,3973,663,67,4703,380,0.41,83,0.09,297,0.32,122319,t,󐼎s
s,62761,31395,31366,24346,2379,228,2607,445,63,3115,2222,160,2382,420,70,2872,243,0.39,25,0.04,218,0.35,122327,t,s
xs,49972,25441,24531,21584,2481,251,2732,389,35,3156,2434,185,2619,435,148,3202,-46,-0.09,-46,-0.09,0,0,122335,t,xs
[s,41034,19666,21368,17298,937,69,1006,201,20,1227,1033,40,1073,721,74,1868,-641,-1.54,-520,-1.25,-121,-0.29,122343,t,[s
xs,38755,19065,19690,14450,736,54,790,234,16,1040,871,30,901,554,65,1520,-480,-1.22,-320,-0.82,-160,-0.41,122351,t,xs
s,81065,40104,40961,30338,1511,117,1628,409,47,2084,1914,72,1986,1041,112,3139,-1055,-1.28,-632,-0.77,-423,-0.52,122360,t,s
Rs,54904,27440,27464,21976,1337,112,1449,277,42,1768,1778,63,1841,710,96,2647,-879,-1.58,-433,-0.78,-446,-0.8,122378,t,Rs
ݎs,40502,19911,20591,16867,993,139,1132,228,13,1373,1111,54,1165,667,54,1886,-513,-1.25,-439,-1.07,-74,-0.18,122386,t,ݎs
Ԕs,50714,25115,25599,20746,1807,186,1993,311,23,2327,1778,110,1888,538,56,2482,-155,-0.3,-227,-0.45,72,0.14,122394,t,Ԕs
׌S,43079,21273,21806,18252,1584,170,1754,217,33,2004,1909,54,1963,410,16,2389,-385,-0.89,-193,-0.44,-192,-0.44,123200,t,׌S
X䒬,21348,10657,10691,9493,959,127,1086,114,14,1214,1121,28,1149,163,7,1319,-105,-0.49,-49,-0.23,-56,-0.26,123226,t,׌SX䒬
h,21731,10616,11115,8759,625,43,668,103,19,790,788,26,814,247,9,1070,-280,-1.27,-144,-0.65,-136,-0.62,123293,t,׌Sh
S,36659,18314,18345,13141,878,65,943,168,13,1124,991,91,1082,499,64,1645,-521,-1.4,-331,-0.89,-190,-0.51,123404,t,S
_蒬,6384,3213,3171,2378,156,12,168,33,3,204,211,13,224,87,9,320,-116,-1.78,-54,-0.83,-62,-0.95,123421,t,S_蒬
Ò,15427,7697,7730,5722,398,40,438,68,5,511,435,62,497,209,16,722,-211,-1.35,-141,-0.9,-70,-0.45,123471,t,SÒ
,14848,7404,7444,5041,324,13,337,67,5,409,345,16,361,203,39,603,-194,-1.29,-136,-0.9,-58,-0.39,123498,t,S
RS,50164,24785,25379,19682,1160,233,1393,263,40,1696,1512,44,1556,705,145,2406,-710,-1.4,-442,-0.87,-268,-0.53,124001,t,RS
\㗢,17382,8539,8843,7219,412,89,501,73,15,589,557,22,579,210,92,881,-292,-1.65,-137,-0.78,-155,-0.88,124036,t,RS\㗢
ŎR,7715,3881,3834,2926,178,8,186,39,1,226,234,11,245,120,25,390,-164,-2.08,-81,-1.03,-83,-1.05,124095,t,RSŎR
Ō,25067,12365,12702,9537,570,136,706,151,24,881,721,11,732,375,28,1135,-254,-1,-224,-0.88,-30,-0.12,124109,t,RSŌ
S,62850,30999,31851,24513,1953,83,2036,326,46,2408,1957,61,2018,845,67,2930,-522,-0.82,-519,-0.82,-3,0,124206,t,S
{,12439,6110,6329,5034,561,22,583,75,11,669,500,29,529,152,13,694,-25,-0.2,-77,-0.62,52,0.42,124214,t,S{
r,7405,3575,3830,2719,265,10,275,37,3,315,197,16,213,95,3,311,4,0.05,-58,-0.78,62,0.84,124222,t,Sr
,14763,7295,7468,5740,439,11,450,86,9,545,440,4,444,174,15,633,-88,-0.59,-88,-0.59,0,0,124231,t,S
q,12052,5995,6057,4879,362,22,384,65,2,451,352,3,355,173,21,549,-98,-0.81,-108,-0.89,10,0.08,124249,t,Sq
,7495,3764,3731,2930,159,10,169,25,17,211,231,7,238,98,6,342,-131,-1.72,-73,-0.96,-58,-0.76,124265,t,S
쒬,8696,4260,4436,3211,167,8,175,38,4,217,237,2,239,153,9,401,-184,-2.07,-115,-1.3,-69,-0.78,124273,t,S쒬
΋S,17847,8598,9249,7568,506,14,520,66,10,596,562,16,578,339,12,929,-333,-1.83,-273,-1.5,-60,-0.33,124401,t,΋S
命쒬,9992,4866,5126,3911,208,6,214,47,2,263,281,10,291,177,9,477,-214,-2.1,-130,-1.27,-84,-0.82,124419,t,΋S命쒬
h,7855,3732,4123,3657,298,8,306,19,8,333,281,6,287,162,3,452,-119,-1.49,-143,-1.79,24,0.3,124435,t,΋Sh
[S,8563,4123,4440,3716,183,12,195,29,5,229,234,8,242,158,10,410,-181,-2.07,-129,-1.48,-52,-0.59,124605,t,[S
쒬,8563,4123,4440,3716,183,12,195,29,5,229,234,8,242,158,10,410,-181,-2.07,-129,-1.48,-52,-0.59,124630,t,[S쒬
c,56873,28405,28468,31847,7943,922,8865,619,131,9615,5608,552,6160,384,358,6902,2713,5.01,235,0.43,2478,4.58,131016,s,c
,138088,65759,72329,79418,16158,1846,18004,1839,214,20057,11802,1249,13051,849,679,14579,5478,4.13,990,0.75,4488,3.38,131024,s,
`,240585,113643,126942,137180,23856,5821,29677,3051,473,33201,20538,3720,24258,1610,2085,27953,5248,2.23,1441,0.61,3807,1.62,131032,s,`
Vh,327712,164077,163635,204483,34322,10638,44960,2517,899,48376,34322,3249,37571,2533,4642,44746,3630,1.12,-16,0,3646,1.13,131041,s,Vh
,207413,98815,108598,112806,18768,2439,21207,1917,118,23242,16383,1523,17906,1540,641,20087,3155,1.54,377,0.18,2778,1.36,131059,s,
䓌,189795,97242,92553,109735,16021,2682,18703,1610,796,21109,14780,731,15511,1982,1613,19106,2003,1.07,-372,-0.2,2375,1.26,131067,s,䓌
nc,258423,129057,129366,139014,19578,1846,21424,2298,450,24172,16339,874,17213,2428,735,20376,3796,1.49,-130,-0.05,3926,1.54,131075,s,nc
],493952,245017,248935,249102,32576,3965,36541,4790,550,41881,27150,2274,29424,3937,1710,35071,6810,1.4,853,0.18,5957,1.22,131083,s,]
i,372077,182430,189647,205290,28499,2524,31023,3550,484,35057,25861,1924,27785,3013,943,31741,3316,0.9,537,0.15,2779,0.75,131091,s,i
ڍ,269689,127275,142414,150097,23750,2646,26396,2590,477,29463,22648,1798,24446,1919,788,27153,2310,0.86,671,0.25,1639,0.61,131105,s,ڍ
c,707455,353709,353746,369863,43671,4549,48220,5975,305,54500,37829,3749,41578,6336,547,48461,6039,0.86,-361,-0.05,6400,0.91,131113,s,c
cJ,874332,416360,457972,455473,59537,5843,65380,8022,1071,74473,54913,4552,59465,6401,1827,67693,6780,0.78,1621,0.19,5159,0.59,131121,s,cJ
aJ,217008,104197,112811,130981,21459,2711,24170,2044,188,26402,19436,1937,21373,1546,1140,24059,2343,1.09,498,0.23,1845,0.86,131130,s,aJ
,316625,159469,157156,190666,29269,3155,32424,2551,525,35500,26918,2214,29132,2680,728,32540,2960,0.94,-129,-0.04,3089,0.98,131148,s,
,547165,262952,284213,304693,41982,3865,45847,4564,327,50738,38488,2576,41064,4308,1157,46529,4209,0.78,256,0.05,3953,0.73,131156,s,
L,275507,138907,136600,166782,29735,3458,33193,2203,2900,38296,25901,1584,27485,2637,4310,34432,3864,1.42,-434,-0.16,4298,1.58,131164,s,L
k,338084,167889,170195,183101,24958,3297,28255,2836,514,31605,22374,1111,23485,3446,1313,28244,3361,1,-610,-0.18,3971,1.19,131172,s,k
r,209087,104226,104861,108564,14092,2485,16577,1908,244,18729,13237,696,13933,2094,1250,17277,1452,0.7,-186,-0.09,1638,0.79,131181,s,r
,544172,269267,274905,286513,34219,3573,37792,4514,663,42969,31035,1471,32506,4810,1521,38837,4132,0.77,-296,-0.05,4428,0.82,131199,s,
n,714656,350294,364362,350732,41630,3528,45158,6177,407,51742,39444,2164,41608,5504,1186,48298,3444,0.48,673,0.09,2771,0.39,131202,s,n
,674111,338193,335918,324120,31454,2305,33759,5552,517,39828,26542,1049,27591,6593,1918,36102,3726,0.56,-1041,-0.16,4767,0.71,131211,s,
,449527,224918,224609,217836,21296,2284,23580,3718,537,27835,20318,952,21270,4297,927,26494,1341,0.3,-579,-0.13,1920,0.43,131229,s,
]ː,680262,343788,336474,322827,36056,4465,40521,5973,1583,48077,33882,1802,35684,5491,2756,43931,4146,0.61,482,0.07,3664,0.54,131237,s,]ː
qs,562572,281988,280584,257337,21990,1998,23988,3743,411,28142,22066,1337,23403,4865,784,29052,-910,-0.16,-1122,-0.2,212,0.04,132012,s,qs
s,179090,89119,89971,86162,10568,608,11176,1424,181,12781,9801,431,10232,1477,176,11885,896,0.5,-53,-0.03,949,0.53,132021,s,s
s,142138,68282,73856,73913,10871,1104,11975,1320,81,13376,9717,712,10429,1119,217,11765,1611,1.15,201,0.14,1410,1,132039,s,s
Os,182092,89401,92691,90283,12980,1187,14167,1533,210,15910,11611,735,12346,1416,250,14012,1898,1.05,117,0.06,1781,0.99,132047,s,Os
~s,137052,68617,68435,61130,4320,311,4631,896,125,5652,4481,241,4722,1564,147,6433,-781,-0.57,-668,-0.48,-113,-0.08,132055,s,~s
{s,254551,128467,126084,119640,14544,1273,15817,2256,472,18545,14242,750,14992,1909,381,17282,1263,0.5,347,0.14,916,0.36,132063,s,{s
s,112727,56329,56398,51878,3433,1979,5412,909,95,6416,3642,1792,5434,1010,150,6594,-178,-0.16,-101,-0.09,-77,-0.07,132071,s,s
zs,224191,110158,114033,111273,13807,903,14710,2109,127,16946,13848,716,14564,1661,221,16446,500,0.22,448,0.2,52,0.02,132080,s,zs
cs,426648,209832,216816,188406,16764,1076,17840,2932,118,20890,15765,889,16654,3366,444,20464,426,0.1,-434,-0.1,860,0.2,132098,s,cs
s,117427,58231,59196,57356,8021,791,8812,1115,149,10076,8070,466,8536,912,202,9650,426,0.36,203,0.17,223,0.19,132101,s,s
s,186958,92231,94727,86611,10698,997,11695,1580,123,13398,10112,1044,11156,1481,142,12779,619,0.33,99,0.05,520,0.28,132110,s,s
s,180975,91094,89881,84008,9533,637,10170,1464,55,11689,8250,491,8741,1431,113,10285,1404,0.78,33,0.02,1371,0.76,132128,s,s
Rs,151412,74325,77087,70446,6115,423,6538,1051,22,7611,6451,405,6856,1339,92,8287,-676,-0.44,-288,-0.19,-388,-0.26,132136,s,Rs
s,119379,59160,60219,56960,8238,479,8717,938,58,9713,7702,431,8133,794,104,9031,682,0.57,144,0.12,538,0.45,132144,s,s
s,74558,36719,37839,35771,4578,380,4958,568,104,5630,4511,271,4782,565,110,5457,173,0.23,3,0,170,0.23,132152,s,s
s,58553,29385,29168,29353,2873,531,3404,427,54,3885,3250,176,3426,579,148,4153,-268,-0.46,-152,-0.26,-116,-0.2,132187,s,s
]s,79096,38594,40502,39591,5659,366,6025,672,40,6737,4578,266,4844,656,64,5564,1173,1.51,16,0.02,1157,1.48,132195,s,]s
as,86162,42595,43567,37742,4032,152,4184,692,56,4932,3185,158,3343,667,57,4067,865,1.01,25,0.03,840,0.98,132209,s,as
s,74374,36022,38352,34162,3334,213,3547,484,62,4093,3014,119,3133,741,61,3935,158,0.21,-257,-0.35,415,0.56,132217,s,s
vĎs,116494,57190,59304,52279,4910,309,5219,926,108,6253,4711,336,5047,1023,106,6176,77,0.07,-97,-0.08,174,0.15,132225,s,vĎs
Rs,72092,36044,36048,30256,2884,170,3054,523,42,3619,2831,179,3010,599,87,3696,-77,-0.11,-76,-0.11,-1,0,132233,s,Rs
s,147486,72444,75042,68528,6347,473,6820,1074,89,7983,6456,492,6948,1108,122,8178,-195,-0.13,-34,-0.02,-161,-0.11,132241,s,s
s,86594,43768,42826,37184,4217,243,4460,741,39,5240,3988,196,4184,560,71,4815,425,0.49,181,0.21,244,0.28,132250,s,s
Hs,56604,28738,27866,25181,2445,145,2590,425,40,3055,2561,138,2699,495,94,3288,-233,-0.41,-70,-0.12,-163,-0.29,132276,s,Hs
s,81697,40782,40915,34287,2775,175,2950,606,12,3568,2644,140,2784,946,53,3783,-215,-0.26,-340,-0.42,125,0.15,132284,s,s
s,198267,96979,101288,92610,10792,882,11674,1545,122,13341,10178,637,10815,1561,244,12620,721,0.36,-16,-0.01,737,0.37,132292,s,s
S,58759,29448,29311,25598,2395,127,2522,383,50,2955,2023,105,2128,978,45,3151,-196,-0.33,-595,-1.01,399,0.68,133001,s,S
䒬,33808,17135,16673,14361,1262,81,1343,230,34,1607,1242,65,1307,357,39,1703,-96,-0.28,-127,-0.37,31,0.09,133035,s,S䒬
̏o,17062,8388,8674,7319,881,39,920,131,16,1067,554,35,589,342,6,937,130,0.77,-211,-1.25,341,2.01,133051,s,S̏o
w,2379,1193,1186,1180,70,4,74,7,0,81,74,5,79,84,0,163,-82,-3.33,-77,-3.13,-5,-0.2,133078,s,Sw
,5510,2732,2778,2738,182,3,185,15,0,200,153,0,153,195,0,348,-148,-2.62,-180,-3.18,32,0.57,133086,s,S
哇,8253,4209,4044,4802,491,16,507,48,0,555,487,2,489,118,0,607,-52,-0.63,-70,-0.84,18,0.22,133612,s,哇
,307,165,142,166,32,0,32,3,0,35,34,0,34,0,0,34,1,0.33,3,0.98,-2,-0.65,133621,s,
V,2888,1383,1505,1373,103,2,105,17,1,123,120,0,120,46,2,168,-45,-1.53,-29,-0.99,-16,-0.55,133639,s,V
_Ó,1938,994,944,873,111,1,112,9,0,121,118,0,118,31,2,151,-30,-1.52,-22,-1.12,-8,-0.41,133647,s,_Ó
O,2714,1461,1253,1742,165,5,170,20,1,191,174,1,175,40,0,215,-24,-0.88,-20,-0.73,-4,-0.15,133817,s,O@O
䑠,298,165,133,170,30,0,30,5,0,35,51,0,51,1,0,52,-17,-5.4,4,1.27,-21,-6.67,133825,s,䑠
䒬,7921,3926,3995,4472,360,7,367,53,1,421,361,5,366,144,6,516,-95,-1.19,-91,-1.14,-4,-0.05,134015,s,䓇@䒬
,167,93,74,111,34,0,34,1,0,35,35,0,35,3,0,38,-3,-1.76,-2,-1.18,-1,-0.59,134023,s,
},2553,1421,1132,1417,299,5,304,30,3,337,355,1,356,8,4,368,-31,-1.2,22,0.85,-53,-2.05,134210,s,}
lsߌ,285865,147902,137963,138839,15383,1334,16717,2839,312,19868,14176,952,15128,2268,621,18017,1851,0.65,571,0.2,1280,0.45,141011,_ސ쌧,lsߌ
ls_ސ,232178,117537,114641,117917,15292,1075,16367,2110,248,18725,14294,704,14998,1951,374,17323,1402,0.61,159,0.07,1243,0.54,141020,_ސ쌧,ls_ސ
ls,97533,48937,48596,53401,7744,1074,8818,918,88,9824,7680,621,8301,817,260,9378,446,0.46,101,0.1,345,0.36,141038,_ސ쌧,ls
ls,149691,77691,72000,82913,10996,2598,13594,1101,281,14976,10318,1342,11660,1554,1232,14446,530,0.36,-453,-0.3,983,0.66,141046,_ސ쌧,ls
ls,198894,99319,99575,103427,11156,1416,12572,1374,168,14114,10669,719,11388,2118,635,14141,-27,-0.01,-744,-0.37,717,0.36,141054,_ސ쌧,ls
lsۓyPJ,204354,101506,102848,96811,10905,1144,12049,1392,202,13643,10231,580,10811,1803,536,13150,493,0.24,-411,-0.2,904,0.44,141062,_ސ쌧,lsۓyPJ
lsq,166263,81925,84338,78159,9882,630,10512,1230,147,11889,7713,453,8166,1549,274,9989,1900,1.16,-319,-0.19,2219,1.35,141071,_ސ쌧,lsq
ls,203406,100128,103278,90890,7642,710,8352,1374,143,9869,8632,493,9125,1816,158,11099,-1230,-0.6,-442,-0.22,-788,-0.39,141089,_ސ쌧,ls
ls`k,336942,168665,168277,162812,21719,2050,23769,3646,272,27687,20683,1445,22128,2261,543,24932,2755,0.82,1385,0.41,1370,0.41,141097,_ސ쌧,ls`k
ls˒ˋ,275856,136558,139298,119245,12188,1073,13261,2290,224,15775,12162,800,12962,2090,281,15333,442,0.16,200,0.07,242,0.09,141101,_ސ쌧,ls˒ˋ
ls`,217823,106767,111056,97330,9003,495,9498,1531,132,11161,9878,426,10304,1813,117,12234,-1073,-0.49,-282,-0.13,-791,-0.36,141119,_ސ쌧,ls`
ls,249908,122747,127161,111688,9271,628,9899,1721,139,11759,9396,540,9936,2309,185,12430,-671,-0.27,-588,-0.23,-83,-0.03,141127,_ސ쌧,ls
ls΋,178888,88778,90110,77748,9271,626,9897,1483,152,11532,8782,481,9263,1379,179,10821,711,0.4,104,0.06,607,0.34,141135,_ސ쌧,ls΋
lsJ,126580,62426,64154,55179,5184,226,5410,969,65,6444,5230,212,5442,1217,61,6720,-276,-0.22,-248,-0.2,-28,-0.02,141143,_ސ쌧,lsJ
lsh,123956,61044,62912,55106,5576,293,5869,889,76,6834,6445,245,6690,992,54,7736,-902,-0.72,-103,-0.08,-799,-0.64,141151,_ސ쌧,lsh
ls,155825,76907,78918,67311,6034,402,6436,1177,107,7720,6366,368,6734,1307,92,8133,-413,-0.26,-130,-0.08,-283,-0.18,141160,_ސ쌧,ls
lst,307497,150642,156855,130262,15536,1928,17464,2677,392,20533,15930,1526,17456,1816,246,19518,1015,0.33,861,0.28,154,0.05,141178,_ސ쌧,lst
lss},210791,105660,105131,82919,10776,931,11707,2057,163,13927,10745,769,11514,1078,238,12830,1097,0.52,979,0.47,118,0.06,141186,_ސ쌧,lss}
s,222865,119355,103510,115769,13385,476,13861,1842,2956,18659,10712,596,11308,2154,3711,17173,1486,0.67,-312,-0.14,1798,0.81,141313,_ސ쌧,s
sK,159434,81314,78120,76097,9729,420,10149,1581,740,12470,8353,533,8886,1358,892,11136,1334,0.84,223,0.14,1111,0.7,141321,_ސ쌧,sK
s,240075,122734,117341,121224,19689,796,20485,2920,179,23584,16806,932,17738,1468,495,19701,3883,1.64,1452,0.61,2431,1.03,141330,_ސ쌧,s
sË,221567,111882,109685,106203,15922,526,16448,2397,1151,19996,14376,713,15089,1409,1307,17805,2191,1,988,0.45,1203,0.55,141348,_ސ쌧,sË
s,204350,104911,99439,100665,13870,481,14351,1976,835,17162,13875,591,14466,1365,1011,16842,320,0.16,611,0.3,-291,-0.14,141356,_ސ쌧,s
s{O,224570,111424,113146,97755,12801,864,13665,2190,748,16603,12074,933,13007,1364,864,15235,1368,0.61,826,0.37,542,0.24,141364,_ސ쌧,s{O
s,172623,84775,87848,75594,9594,566,10160,1489,73,11722,8702,650,9352,1066,167,10585,1137,0.66,423,0.25,714,0.42,141372,_ސ쌧,s
͌s,715145,360359,354786,318969,31803,2074,33877,5614,1041,40532,30408,1492,31900,5489,1349,38738,1794,0.25,125,0.02,1669,0.23,141500,_ސ쌧,͌s
͌s΋,173514,87813,85701,74162,6632,488,7120,1316,152,8588,7305,311,7616,1451,225,9292,-704,-0.4,-135,-0.08,-569,-0.33,141518,_ސ쌧,͌s΋
͌s,268209,136060,132149,119170,12291,793,13084,2089,482,15655,10668,521,11189,1931,714,13834,1821,0.68,158,0.06,1663,0.62,141526,_ސ쌧,͌s
͌s,273422,136486,136936,125637,12880,793,13673,2209,407,16289,12435,660,13095,2107,410,15612,677,0.25,102,0.04,575,0.21,141534,_ސ쌧,͌s
{s,418277,208651,209626,189634,13769,1002,14771,2628,211,17610,14627,776,15403,4597,370,20370,-2760,-0.66,-1969,-0.47,-791,-0.19,142018,_ސ쌧,{s
ˎs,258065,129178,128887,111310,7240,792,8032,1814,157,10003,7771,739,8510,2256,343,11109,-1106,-0.43,-442,-0.17,-664,-0.26,142034,_ސ쌧,ˎs
qs,177458,84451,93007,80654,6893,634,7527,1119,28,8674,6367,629,6996,1816,88,8900,-226,-0.13,-697,-0.39,471,0.27,142042,_ސ쌧,qs
s,423246,210300,212946,187360,16683,1314,17997,3558,188,21743,15122,1092,16214,3227,373,19814,1929,0.46,331,0.08,1598,0.38,142051,_ސ쌧,s
cs,195353,95807,99546,84648,5814,324,6138,1369,57,7564,6082,353,6435,2080,189,8704,-1140,-0.58,-711,-0.36,-429,-0.22,142069,_ސ쌧,cs
Ps,240428,118001,122427,101807,7967,769,8736,1890,78,10704,7393,738,8131,1923,65,10119,585,0.24,-33,-0.01,618,0.26,142077,_ސ쌧,s
qs,60070,28414,31656,26705,2200,166,2366,372,10,2748,2078,232,2310,613,13,2936,-188,-0.31,-241,-0.4,53,0.09,142085,_ސ쌧,qs
OYs,46520,22646,23874,20106,1098,64,1162,228,22,1412,1435,58,1493,625,19,2137,-725,-1.53,-397,-0.84,-328,-0.69,142107,_ސ쌧,OYs
`s,164366,82495,81871,70489,5006,527,5533,1157,68,6758,5314,425,5739,1369,261,7369,-611,-0.37,-212,-0.13,-399,-0.24,142115,_ސ쌧,`s
؎s,225342,116384,108958,99341,8850,1125,9975,1747,161,11883,8920,798,9718,1679,373,11770,113,0.05,68,0.03,45,0.02,142123,_ސ쌧,؎s
as,233586,117548,116038,106593,10563,754,11317,2111,130,13558,10326,631,10957,1774,259,12990,568,0.24,337,0.14,231,0.1,142131,_ސ쌧,as
ɐs,99539,50461,49078,42810,4306,432,4738,830,89,5657,4285,250,4535,793,140,5468,189,0.19,37,0.04,152,0.15,142140,_ސ쌧,ɐs
CVs,130077,65710,64367,55362,5248,520,5768,1078,23,6869,5212,424,5636,865,120,6621,248,0.19,213,0.16,35,0.03,142158,_ސ쌧,CVs
Ԏs,129767,65591,64176,58265,5445,453,5898,959,76,6933,5779,378,6157,1068,261,7486,-553,-0.42,-109,-0.08,-444,-0.34,142166,_ސ쌧,Ԏs
쑫s,44036,21747,22289,17521,1382,65,1447,296,13,1756,1442,84,1526,425,15,1966,-210,-0.47,-129,-0.29,-81,-0.18,142174,_ސ쌧,쑫s
s,85414,43548,41866,36063,3474,291,3765,748,77,4590,3409,238,3647,679,186,4512,78,0.09,69,0.08,9,0.01,142182,_ސ쌧,s
OYS,33503,15873,17630,14304,1240,129,1369,196,15,1580,1228,153,1381,326,5,1712,-132,-0.39,-130,-0.39,-2,-0.01,143006,_ސ쌧,OYS
tR,33503,15873,17630,14304,1240,129,1369,196,15,1580,1228,153,1381,326,5,1712,-132,-0.39,-130,-0.39,-2,-0.01,143014,_ސ쌧,OYStR
S,48092,24425,23667,20098,1863,91,1954,381,19,2354,1646,95,1741,409,83,2233,121,0.25,-28,-0.06,149,0.31,143201,_ސ쌧,S
쒬,48092,24425,23667,20098,1863,91,1954,381,19,2354,1646,95,1741,409,83,2233,121,0.25,-28,-0.06,149,0.31,143219,_ސ쌧,S쒬
S,62532,30486,32046,26125,2008,176,2184,307,10,2501,2035,162,2197,639,11,2847,-346,-0.55,-332,-0.53,-14,-0.02,143405,_ސ쌧,S
钬,33051,16162,16889,13771,1129,97,1226,169,4,1399,1077,94,1171,343,5,1519,-120,-0.36,-174,-0.52,54,0.16,143413,_ސ쌧,S钬
{,29481,14324,15157,12354,879,79,958,138,6,1102,958,68,1026,296,6,1328,-226,-0.76,-158,-0.53,-68,-0.23,143421,_ސ쌧,S{
S,66845,33143,33702,25724,2374,117,2491,398,37,2926,2309,105,2414,638,16,3068,-142,-0.21,-240,-0.36,98,0.15,143600,_ސ쌧,S
䒬,9760,4904,4856,3673,333,44,377,43,7,427,353,32,385,90,3,478,-51,-0.52,-47,-0.48,-4,-0.04,143618,_ސ쌧,S䒬
䒬,17388,8702,8686,6613,615,21,636,111,3,750,619,16,635,163,5,803,-53,-0.3,-52,-0.3,-1,-0.01,143626,_ސ쌧,S䒬
c,11525,5710,5815,4755,424,11,435,53,16,504,462,15,477,135,8,620,-116,-1,-82,-0.7,-34,-0.29,143634,_ސ쌧,Sc
Rk,11405,5558,5847,4298,307,14,321,60,5,386,310,23,333,136,0,469,-83,-0.72,-76,-0.66,-7,-0.06,143642,_ސ쌧,SRk
J,16767,8269,8498,6385,695,27,722,131,6,859,565,19,584,114,0,698,161,0.97,17,0.1,144,0.87,143669,_ސ쌧,SJ
S,46804,22023,24781,23080,2101,157,2258,206,43,2507,2286,106,2392,670,36,3098,-591,-1.25,-464,-0.98,-127,-0.27,143804,_ސ쌧,S
,12480,5992,6488,6918,961,71,1032,51,27,1110,1009,58,1067,170,17,1254,-144,-1.14,-119,-0.94,-25,-0.2,143821,_ސ쌧,S
^ߒ,7882,3689,4193,3484,177,32,209,42,3,254,247,6,253,119,4,376,-122,-1.52,-77,-0.96,-45,-0.56,143839,_ސ쌧,S^ߒ
͌,26442,12342,14100,12678,963,54,1017,113,13,1143,1030,42,1072,381,15,1468,-325,-1.21,-268,-1,-57,-0.21,143847,_ސ쌧,S͌
bS,44467,23104,21363,18749,1350,181,1531,273,37,1841,1709,161,1870,425,150,2445,-604,-1.34,-152,-0.34,-452,-1,144002,_ސ쌧,bS
쒬,41386,21516,19870,17512,1263,175,1438,255,37,1730,1585,144,1729,401,147,2277,-547,-1.3,-146,-0.35,-401,-0.96,144011,_ސ쌧,bS쒬
쑺,3081,1588,1493,1237,87,6,93,18,0,111,124,17,141,24,3,168,-57,-1.82,-6,-0.19,-51,-1.63,144029,_ސ쌧,bS쑺
