世帯構成,3世代世帯数,65歳以上のみ_単独世帯数,3世代世帯割合（%）(3世代世帯数/総世帯数),65歳以上のみ_単独世帯割合（%）(65歳以上のみ_単独世帯数/総世帯数)
井原市井原町_4290,237,247,12.39539749,12.91841004
井原市下稲木町_4621,46,21,15.59322034,7.118644068
井原市下出部町_4568,48,26,12.6984127,6.878306878
井原市下出部町_4592,9,9,13.84615385,13.84615385
井原市下出部町１丁目_4581,12,11,9.836065574,9.016393443
井原市下出部町２丁目_4594,12,21,10.81081081,18.91891892
井原市岩倉町_4603,53,20,25,9.433962264
井原市高屋町_4099,95,71,15.4723127,11.56351792
井原市高屋町１丁目_4624,17,7,11.40939597,4.697986577
井原市高屋町２丁目_4618,23,12,9.913793103,5.172413793
井原市高屋町３丁目_4612,27,14,12.85714286,6.666666667
井原市高屋町４丁目_4606,9,6,12.32876712,8.219178082
井原市高屋町５丁目_4620,15,8,14.70588235,7.843137255
井原市笹賀町_4503,59,26,16.48044693,7.262569832
井原市笹賀町１丁目_4570,12,4,12.76595745,4.255319149
井原市笹賀町２丁目_4565,13,8,15.11627907,9.302325581
井原市七日市町_4524,66,51,13.17365269,10.17964072
井原市上稲木町_4661,38,11,30.89430894,8.943089431
井原市上出部町_4537,82,57,12.33082707,8.571428571
井原市上出部町四季が丘_4588,8,2,6.4,1.6
井原市神代町_4257,35,25,19.55307263,13.96648045
井原市西江原町_4047,236,169,13.69704005,9.808473593
井原市西方町_4614,30,15,15.38461538,7.692307692
井原市青野町_3764,45,17,27.77777778,10.49382716
井原市大江町_4608,117,70,17.64705882,10.55806938
井原市東江原町_4270,117,62,16.59574468,8.794326241
井原市美星町宇戸_3140,10,7,27.02702703,18.91891892
井原市美星町宇戸谷_2932,29,9,31.52173913,9.782608696
井原市美星町烏頭_3045,8,8,17.0212766,17.0212766
井原市美星町黒忠加谷上〜加谷下_3106,16,5,41.02564103,12.82051282
井原市美星町黒忠向川西〜向川東_3186,8,5,28.57142857,17.85714286
井原市美星町黒忠城平_3006,15,9,24.19354839,14.51612903
井原市美星町黒忠八日市南_3192,14,7,20.89552239,10.44776119
井原市美星町黒忠妙見原_3008,7,6,21.875,18.75
井原市美星町黒木_3812,9,7,19.14893617,14.89361702
井原市美星町三山宮迫〜八幡_3135,23,16,19.32773109,13.44537815
井原市美星町三山大元_3080,21,10,30,14.28571429
井原市美星町三山谷下〜谷上_3158,20,13,25.97402597,16.88311688
井原市美星町上高末_2981,4,3,16.66666667,12.5
井原市美星町星田金野〜谷山_3341,23,16,17.1641791,11.94029851
井原市美星町星田平松東〜平松西_3289,12,13,19.35483871,20.96774194
井原市美星町星田栩木_3531,10,7,17.54385965,12.28070175
井原市美星町西水砂_3638,1,0,50,0
井原市美星町西水砂平谷〜熊石上_3402,36,10,36,10
井原市美星町大倉小宇内〜木舟_3347,6,3,25,12.5
井原市美星町大倉布東_3385,2,1,33.33333333,16.66666667
井原市美星町大倉布東団地〜延ケ瀬_3366,5,2,20,8
井原市美星町大倉野呂〜上組_3228,10,3,23.25581395,6.976744186
井原市美星町東水砂後組_3526,1,2,20,40
井原市美星町東水砂上堂〜大和_3548,9,4,32.14285714,14.28571429
井原市美星町東水砂東前〜米田_3618,4,8,12.90322581,25.80645161
井原市美星町東水砂毛野_3691,8,3,40,15
井原市美星町明治絵具那〜野田打場_2991,10,10,15.87301587,15.87301587
井原市美星町明治三田_2911,8,8,12.6984127,12.6984127
井原市美星町明治本谷上〜本谷下_2821,1,2,8.333333333,16.66666667
井原市美星町明治林〜下川_2905,16,7,30.18867925,13.20754717
井原市稗原町_3978,7,4,22.58064516,12.90322581
井原市芳井町井山仁郷_3588,2,0,33.33333333,0
井原市芳井町宇戸川後谷・日向・小谷・野畑_3581,1,3,7.692307692,23.07692308
井原市芳井町宇戸川新田・峠村北_3843,2,3,13.33333333,20
井原市芳井町宇戸川鳥越・沖・鳴・ハイツ_3785,6,0,20.68965517,0
井原市芳井町宇戸川峠村中・峠村南_3938,1,1,33.33333333,33.33333333
井原市芳井町宇戸川北畦西・北畦中東_3569,0,2,0,16.66666667
井原市芳井町下鴫下崎_3233,1,2,12.5,25
井原市芳井町下鴫花田・橋・川町の一部_3210,7,9,29.16666667,37.5
井原市芳井町下鴫山戸東・山戸西_3131,1,7,7.142857143,50
井原市芳井町下鴫四倉・川町の一部_3124,2,6,7.407407407,22.22222222
井原市芳井町下鴫小原_3153,1,1,16.66666667,16.66666667
井原市芳井町下鴫松谷_3243,1,2,25,50
井原市芳井町花滝石田・矢ノ目下・矢ノ目上_3369,4,4,18.18181818,18.18181818
井原市芳井町花滝大丸_3395,1,1,25,25
井原市芳井町花滝阜里・房地_3162,2,2,20,20
井原市芳井町花滝名越上・名越下_3403,2,3,22.22222222,33.33333333
井原市芳井町花滝鳴谷_3209,2,2,14.28571429,14.28571429
井原市芳井町花滝野呂西・野呂中・野呂東_3357,4,5,23.52941176,29.41176471
井原市芳井町梶江梶江上・梶江裏・梶江西_4232,7,2,41.17647059,11.76470588
井原市芳井町梶江梶江中・梶江下１・梶江下_4254,5,1,23.80952381,4.761904762
井原市芳井町梶江向井・相谷上・相谷下_4148,10,6,19.23076923,11.53846154
井原市芳井町梶江飯名上・飯名下_4241,9,3,32.14285714,10.71428571
井原市芳井町吉井一心下・矢谷中・矢谷西_4161,10,1,27.02702703,2.702702703
井原市芳井町吉井下耕地西_4083,1,2,4.545454545,9.090909091
井原市芳井町吉井下耕地東_4020,15,5,27.77777778,9.259259259
井原市芳井町吉井吉井上_4059,2,2,11.11111111,11.11111111
井原市芳井町吉井吉井中下・吉井中上_4054,6,2,16.21621622,5.405405405
井原市芳井町吉井胡本・中央_4056,7,3,14.58333333,6.25
井原市芳井町吉井佐原１_4135,2,1,50,25
井原市芳井町吉井佐原２_4130,2,1,50,25
井原市芳井町吉井佐原３・佐原４_4102,8,3,20,7.5
井原市芳井町吉井佐原５・佐原６_4022,3,2,13.04347826,8.695652174
井原市芳井町吉井坂本・一心上_4204,12,8,28.57142857,19.04761905
井原市芳井町吉井山内１・山内２_3871,9,9,18.75,18.75
井原市芳井町吉井山内３・山内団地_3911,0,2,0,22.22222222
井原市芳井町吉井篠原東・篠原西_4093,4,2,20,10
井原市芳井町吉井上野_4266,2,1,40,20
井原市芳井町吉井追崎上・追崎南_4185,8,1,23.52941176,2.941176471
井原市芳井町吉井追崎中・追崎下１，２_4157,12,4,21.42857143,7.142857143
井原市芳井町吉井尾中_4090,8,6,20,15
井原市芳井町吉井片山上・片山下・小田組住_4044,1,3,6.666666667,20
井原市芳井町吉井矢谷東_4123,4,0,33.33333333,0
井原市芳井町佐屋_3102,2,9,6.25,28.125
井原市芳井町山村橋詰・梅木東・梅木西_3201,2,4,13.33333333,26.66666667
井原市芳井町山村千峯_2888,0,1,0,33.33333333
井原市芳井町山村津賀_3042,0,1,0,25
井原市芳井町種国華・川西・平田_3374,9,4,28.125,12.5
井原市芳井町種種下・種中・日進_3290,2,1,18.18181818,9.090909091
井原市芳井町種川東・川東南・種団地_3378,8,2,28.57142857,7.142857143
井原市芳井町種別処・妙見山_3148,3,4,33.33333333,44.44444444
井原市芳井町上鴫高原東・高原中・高原西_2972,0,6,0,30
井原市芳井町上鴫日指・日南下の一部_3084,3,5,23.07692308,38.46153846
井原市芳井町上鴫日南上・日南下の一部_3075,2,3,9.090909091,13.63636364
井原市芳井町西三原高松_2918,0,0,0,0
井原市芳井町西三原三原_2934,0,2,0,40
井原市芳井町西三原西村入_2809,1,5,6.666666667,33.33333333
井原市芳井町西三原畑・門原_2957,0,0,0,0
井原市芳井町川相宇内塚_3686,5,2,45.45454545,18.18181818
井原市芳井町川相川相上・栗元_3637,4,2,33.33333333,16.66666667
井原市芳井町川相谷山・宮草_3535,2,1,28.57142857,14.28571429
井原市芳井町川相日ノ丸・相愛・共力_3728,8,2,29.62962963,7.407407407
井原市芳井町川相福原・殿川内_3761,8,2,38.0952381,9.523809524
井原市芳井町川相落・小川筋_3509,12,5,38.70967742,16.12903226
井原市芳井町池谷赤迫・横尾・池谷上・増原_3336,2,1,28.57142857,14.28571429
井原市芳井町池谷本池谷・室畑_3183,1,1,33.33333333,33.33333333
井原市芳井町東三原下市_2851,0,2,0,25
井原市芳井町東三原出谷_2830,0,4,0,57.14285714
井原市芳井町東三原上市_2846,0,6,0,46.15384615
井原市芳井町東三原入野・太刃洗_2815,1,0,25,0
井原市芳井町片塚井ノ頭・灰ケ峠・能木_3466,1,3,11.11111111,33.33333333
井原市芳井町片塚丸尾・古屋・片塚中_3695,1,2,10,20
井原市芳井町片塚名郷・城ケ蔵_3469,2,2,25,25
井原市芳井町与井大下東・大下西_4097,8,3,24.24242424,9.090909091
井原市芳井町与井南上・南下_4190,7,6,21.21212121,18.18181818
井原市芳井町与井畑・山脇_4104,5,1,27.77777778,5.555555556
井原市芳井町与井与井佐原上１・与井佐原上_4145,2,3,10,15
井原市芳井町与井与井上・与井佐原下_4159,3,2,25,16.66666667
井原市芳井町与井与井団地_4184,2,0,13.33333333,0
井原市芳井町与井与井中上・与井中下_4187,1,2,14.28571429,28.57142857
井原市芳井町簗瀬見瀬側・山手側_4218,7,3,26.92307692,11.53846154
井原市芳井町簗瀬桜・田ノ迫_4296,4,2,13.33333333,6.666666667
井原市芳井町簗瀬山崎上・山崎下_4238,5,1,20.83333333,4.166666667
井原市芳井町簗瀬築瀬団地_4275,7,3,21.875,9.375
井原市芳井町簗瀬簗瀬中下・簗瀬中上・西ノ_4263,10,3,28.57142857,8.571428571
井原市北山町_4334,11,7,17.46031746,11.11111111
井原市木之子町_4523,166,66,15.96153846,6.346153846
井原市門田町_4616,58,22,22.13740458,8.396946565
井原市野上町_3607,24,20,17.77777778,14.81481481
笠岡市カブト西町_5119,0,1,0,33.33333333
笠岡市カブト中央町_5086,1,0,11.11111111,0
笠岡市カブト南町_5175,3,3,18.75,18.75
笠岡市みの越_4716,2,1,25,12.5
笠岡市旭が丘_5005,19,19,5.555555556,5.555555556
笠岡市一番町_5084,8,13,6.299212598,10.23622047
笠岡市園井_4819,28,30,12.78538813,13.69863014
笠岡市押撫_4869,21,5,25.6097561,6.097560976
笠岡市横島_5122,36,46,9.625668449,12.29946524
笠岡市絵師_5031,12,10,9.677419355,8.064516129
笠岡市笠岡宮地_5028,8,34,5.161290323,21.93548387
笠岡市笠岡住吉_5052,10,16,8.333333333,13.33333333
笠岡市笠岡仁王堂_5036,6,13,10.16949153,22.03389831
笠岡市笠岡正寿場_5011,3,15,3.370786517,16.85393258
笠岡市笠岡西本町西_5014,14,45,6.730769231,21.63461538
笠岡市笠岡西本町東_5041,16,49,4.923076923,15.07692308
笠岡市笠岡川辺屋南_5001,10,21,8.695652174,18.26086957
笠岡市笠岡川辺屋北_4919,46,78,9.484536082,16.08247423
笠岡市笠岡大磯_5065,11,30,6.111111111,16.66666667
笠岡市笠岡追分_4905,15,15,12.39669421,12.39669421
笠岡市笠岡殿川南_5034,0,1,0,12.5
笠岡市笠岡殿川北_4908,26,64,7.407407407,18.23361823
笠岡市笠岡浜田_5040,8,26,7.407407407,24.07407407
笠岡市笠岡伏越_5061,18,41,7.56302521,17.22689076
笠岡市笠岡本町_5055,2,14,4.166666667,29.16666667
笠岡市関戸_4684,31,16,14.22018349,7.339449541
笠岡市吉田_4705,88,66,13.45565749,10.09174312
笠岡市吉浜_4906,45,48,10.44083527,11.13689095
笠岡市金浦_4972,42,103,8.076923077,19.80769231
笠岡市九番町_5106,2,4,6.666666667,13.33333333
笠岡市五番町_5074,7,24,4.545454545,15.58441558
笠岡市広浜_4960,11,8,14.86486486,10.81081081
笠岡市甲弩_4461,57,36,16.01123596,10.11235955
笠岡市高島_5306,0,19,0,38.7755102
笠岡市今立_4852,46,23,20.08733624,10.04366812
笠岡市三番町_5081,11,15,9.401709402,12.82051282
笠岡市山口_4590,67,55,17.17948718,14.1025641
笠岡市四番町_5080,8,11,8.695652174,11.95652174
笠岡市七番町_5094,2,12,2.272727273,13.63636364
笠岡市篠坂_4786,27,15,22.31404959,12.39669421
笠岡市十一番町_5075,13,18,6.018518519,8.333333333
笠岡市十番町_5105,1,0,12.5,0
笠岡市春日台_4890,16,27,7.843137255,13.23529412
笠岡市小平井_4731,49,31,13.42465753,8.493150685
笠岡市城見台_5060,35,9,11.36363636,2.922077922
笠岡市新横島_5116,18,17,6.545454545,6.181818182
笠岡市新賀_4646,37,28,19.47368421,14.73684211
笠岡市真鍋島岩坪_5328,1,16,1.923076923,30.76923077
笠岡市真鍋島本浦_5329,3,31,3.296703297,34.06593407
笠岡市神島_5191,95,63,19.34826884,12.83095723
笠岡市神島外浦_5257,22,68,7.746478873,23.94366197
笠岡市神島片島_5164,16,7,20.51282051,8.974358974
笠岡市生江浜_5002,51,64,10,12.54901961
笠岡市西大戸_4804,17,8,21.25,10
笠岡市西大島_5107,85,79,12.35465116,11.48255814
笠岡市西大島新田_5098,25,29,8.361204013,9.698996656
笠岡市西茂平_5143,4,1,50,12.5
笠岡市相生_4922,13,11,15.29411765,12.94117647
笠岡市走出_4496,74,32,20.38567493,8.815426997
笠岡市大げ_5004,42,29,14.04682274,9.698996656
笠岡市大井南_4865,85,13,8.374384236,1.280788177
笠岡市大河_4854,12,7,14.81481481,8.641975309
笠岡市大島中_5148,71,81,14.03162055,16.00790514
笠岡市拓海町_5111,5,4,14.28571429,11.42857143
笠岡市中央町_5037,21,67,6.034482759,19.25287356
笠岡市東大戸_4703,61,29,19.67741935,9.35483871
笠岡市二番町_5083,9,15,8.490566038,14.1509434
笠岡市入江_5095,28,32,7.446808511,8.510638298
笠岡市入田_4762,20,7,21.50537634,7.52688172
笠岡市馬飼_4978,19,5,21.59090909,5.681818182
笠岡市白石島_5316,13,100,4.406779661,33.89830508
笠岡市八番町_5100,4,6,6.666666667,10
笠岡市飛島小飛島_5331,0,3,0,37.5
笠岡市飛島大浦_5332,0,16,0,35.55555556
笠岡市尾坂_4591,21,18,17.64705882,15.12605042
笠岡市美の浜_5134,43,41,5.505761844,5.249679898
笠岡市富岡_5054,96,157,8.060453401,13.18219983
笠岡市平成町_5042,0,1,0,33.33333333
笠岡市北木島町金風呂_5319,5,64,2.450980392,31.37254902
笠岡市北木島町大浦_5323,2,97,0.85106383,41.27659574
笠岡市北木島町楠_5321,0,16,0,40
笠岡市北木島町豊浦_5320,1,27,1.315789474,35.52631579
笠岡市茂平_5072,77,28,22.38372093,8.139534884
笠岡市有田_4880,45,34,16.18705036,12.23021583
笠岡市用之江_5000,42,19,15.16245487,6.859205776
笠岡市緑町_5110,12,21,6.896551724,12.06896552
笠岡市六島_5334,2,19,4.651162791,44.18604651
笠岡市六番町_5091,7,8,9.589041096,10.95890411
高梁市旭町_2543,17,41,4.582210243,11.05121294
高梁市伊賀町_2429,2,11,3.846153846,21.15384615
高梁市宇治町宇治郷_2255,4,8,16,32
高梁市宇治町宇治柴原，後谷_2247,3,5,12,20
高梁市宇治町宇治石田，若松_2073,3,1,33.33333333,11.11111111
高梁市宇治町遠原_2085,3,4,13.04347826,17.39130435
高梁市宇治町穴田陰地_2282,0,2,0,33.33333333
高梁市宇治町穴田丸山_2274,4,6,16,24
高梁市宇治町穴田宮陰地，日名_2305,4,5,14.81481481,18.51851852
高梁市宇治町穴田野呂，白和_2268,4,3,22.22222222,16.66666667
高梁市宇治町本郷笹尾西_2161,1,3,9.090909091,27.27272727
高梁市宇治町本郷笹尾東_2035,0,1,0,14.28571429
高梁市宇治町本郷中組_2209,7,2,30.43478261,8.695652174
高梁市宇治町本郷本郷，広岩_2239,5,2,26.31578947,10.52631579
高梁市栄町２_2537,0,0,0,0
高梁市奥万田町_2483,0,1,0,10
高梁市奥万田町１下_2474,2,4,3.703703704,7.407407407
高梁市奥万田町１上_2351,7,11,6.542056075,10.28037383
高梁市奥万田町２上，２下_2462,1,1,5,5
高梁市横町１_2553,2,3,5.128205128,7.692307692
高梁市横町２_2540,1,0,100,0
高梁市横町４_2573,3,5,3.703703704,6.172839506
高梁市下谷町_2597,20,30,7.142857143,10.71428571
高梁市柿木町_2468,1,2,6.666666667,13.33333333
高梁市間之町_2491,20,42,4.329004329,9.090909091
高梁市巨瀬町安元，古屋，横田_1940,7,3,23.33333333,10
高梁市巨瀬町陰地西，陰地東_2041,6,6,14.63414634,14.63414634
高梁市巨瀬町塩坪中，塩坪下_2016,4,9,11.11111111,25
高梁市巨瀬町宮瀬上，宮瀬下_2003,7,6,21.875,18.75
高梁市巨瀬町上塩坪，塩坪上の下_2007,5,3,26.31578947,15.78947368
高梁市巨瀬町茶屋，和名谷_1931,4,2,26.66666667,13.33333333
高梁市巨瀬町中畝，鴨木，国時_2034,5,3,26.31578947,15.78947368
高梁市巨瀬町畑，園尾，友末_1943,12,7,42.85714286,25
高梁市巨瀬町尾原上，尾原下_2033,3,1,21.42857143,7.142857143
高梁市巨瀬町片岡_1978,6,2,24,8
高梁市巨瀬町野前，家親_1973,6,4,20.68965517,13.79310345
高梁市巨瀬町柳上，柳下_2057,10,1,22.72727273,2.272727273
高梁市巨瀬町柳川西_2061,4,3,21.05263158,15.78947368
高梁市玉川町下切根古里，大成，笠根_2683,0,6,0,75
高梁市玉川町玉勘場，寺の下_2723,3,3,7.142857143,7.142857143
高梁市玉川町玉舟津上，舟津下_2712,11,9,17.46031746,14.28571429
高梁市玉川町玉神崎上，神崎下_2675,6,3,20,10
高梁市玉川町玉大沢_2757,3,4,21.42857143,28.57142857
高梁市玉川町増原陰地大谷_2786,0,1,0,100
高梁市玉川町増原下村，中仙戸_2789,0,1,0,33.33333333
高梁市玉川町増原上野上，上野下_2857,0,4,0,33.33333333
高梁市玉川町増原中杉上，中杉下_2831,0,2,0,66.66666667
高梁市玉川町増原日名大谷_2753,1,3,10,30
高梁市原田南町_2587,16,19,8.080808081,9.595959596
高梁市原田北町１_2554,6,16,3.157894737,8.421052632
高梁市原田北町２_2570,5,8,5.208333333,8.333333333
高梁市原田北町３_2585,2,5,2.409638554,6.024096386
高梁市御前町_2418,1,1,6.25,6.25
高梁市御前町_2425,0,4,0,30.76923077
高梁市向町_2463,8,19,4.678362573,11.11111111
高梁市高倉町大瀬八長大瀬_2285,5,1,20.83333333,4.166666667
高梁市高倉町大瀬八長八長_2333,12,14,7.407407407,8.641975309
高梁市高倉町田井下秋町，高山_2234,4,3,21.05263158,15.78947368
高梁市高倉町田井梶村上，梶村下_2111,4,6,11.42857143,17.14285714
高梁市高倉町田井上秋町，保々氷_2168,8,5,20,12.5
高梁市高倉町田井肉谷_2254,7,5,21.21212121,15.15151515
高梁市高倉町田井白木，野原，皆名_2139,8,8,33.33333333,33.33333333
高梁市高倉町飯部石浦，高谷，飯部_2066,4,0,50,0
高梁市高倉町飯部大栢，河内，尾崎，秋ケ迫_1999,5,4,17.24137931,13.79310345
高梁市高倉町飯部眠里，浅所，井ノ木_2137,4,9,18.18181818,40.90909091
高梁市寺町_2465,0,2,0,16.66666667
高梁市寺町_2473,1,0,11.11111111,0
高梁市小高下町下_2397,1,6,2.857142857,17.14285714
高梁市小高下町上_2317,2,2,11.76470588,11.76470588
高梁市松原町春木後春木，春木上_2199,4,5,18.18181818,22.72727273
高梁市松原町春木東春木，春木下，皆名_2172,3,7,13.04347826,30.43478261
高梁市松原町松岡松岡東，陣山_2226,3,4,15,20
高梁市松原町松岡大西，定安，庄屋，小成_2288,6,10,16.66666667,27.77777778
高梁市松原町松岡中筋，中の村_2262,4,4,18.18181818,18.18181818
高梁市松原町松岡野呂，皆畑，畑谷_2303,1,3,11.11111111,33.33333333
高梁市松原町神原神原南，神原東_2281,6,3,20.68965517,10.34482759
高梁市松原町神原神原北，神原西_2246,12,6,29.26829268,14.63414634
高梁市松原町大津寄_2306,2,5,10.52631579,26.31578947
高梁市松原通２_2511,4,9,5.128205128,11.53846154
高梁市松山河内谷_2669,1,6,7.142857143,42.85714286
高梁市松山玉坂_2586,1,3,9.090909091,27.27272727
高梁市松山広瀬_2733,5,4,21.73913043,17.39130435
高梁市松山山ノ上_2699,1,6,4.166666667,25
高梁市松山大久保_2650,3,5,11.53846154,19.23076923
高梁市松山楢井_2412,8,1,25.80645161,3.225806452
高梁市上谷町_2544,13,20,10,15.38461538
高梁市上谷町楢林_2519,12,16,17.39130435,23.1884058
高梁市新町３_2442,0,3,0,25
高梁市成羽町羽根_2336,0,4,0,40
高梁市成羽町羽根_2352,0,4,0,57.14285714
高梁市成羽町羽山_2290,0,1,0,7.142857143
高梁市成羽町下原_2582,1,3,6.25,18.75
高梁市成羽町下原_2583,1,2,7.692307692,15.38461538
高梁市成羽町下原_2584,2,1,16.66666667,8.333333333
高梁市成羽町下原_2591,1,4,4.166666667,16.66666667
高梁市成羽町下原_2592,0,1,0,9.090909091
高梁市成羽町下原_2604,6,3,11.32075472,5.660377358
高梁市成羽町下原_2605,1,1,33.33333333,33.33333333
高梁市成羽町下原_2606,8,9,13.33333333,15
高梁市成羽町下原_2609,1,1,4.166666667,4.166666667
高梁市成羽町下原_2613,4,6,9.756097561,14.63414634
高梁市成羽町下原_2614,0,0,0,0
高梁市成羽町下原_2616,1,0,33.33333333,0
高梁市成羽町下原_2621,0,1,0,11.11111111
高梁市成羽町下原_2622,2,9,4.651162791,20.93023256
高梁市成羽町下原_2623,0,1,0,33.33333333
高梁市成羽町下原_2624,3,11,5.357142857,19.64285714
高梁市成羽町下原_2626,1,3,12.5,37.5
高梁市成羽町下原_2632,1,0,33.33333333,0
高梁市成羽町下原_2634,1,1,25,25
高梁市成羽町下原_2635,4,13,5.194805195,16.88311688
高梁市成羽町下日名_2643,0,0,0,0
高梁市成羽町下日名_2654,4,6,14.81481481,22.22222222
高梁市成羽町下日名_2673,0,0,0,0
高梁市成羽町下日名_2702,0,1,0,25
高梁市成羽町下日名_2715,6,3,33.33333333,16.66666667
高梁市成羽町下日名_2750,5,1,38.46153846,7.692307692
高梁市成羽町佐々木_2608,0,5,0,35.71428571
高梁市成羽町坂本_2013,1,3,12.5,37.5
高梁市成羽町坂本_2028,1,7,5,35
高梁市成羽町坂本_2038,0,1,0,33.33333333
高梁市成羽町坂本_2052,0,3,0,17.64705882
高梁市成羽町坂本_2060,0,2,0,11.11111111
高梁市成羽町坂本_2074,1,1,25,25
高梁市成羽町坂本_2110,1,2,16.66666667,33.33333333
高梁市成羽町小泉_2349,0,0,0,0
高梁市成羽町小泉_2387,1,1,14.28571429,14.28571429
高梁市成羽町小泉_2395,0,0,0,0
高梁市成羽町小泉_2530,0,0,0,0
高梁市成羽町上日名_2727,7,1,46.66666667,6.666666667
高梁市成羽町上日名_2746,2,3,20,30
高梁市成羽町上日名_2748,1,2,16.66666667,33.33333333
高梁市成羽町上日名_2768,0,0,0,0
高梁市成羽町上日名_2781,0,6,0,42.85714286
高梁市成羽町吹屋_1987,0,1,0,33.33333333
高梁市成羽町吹屋_2018,0,0,0,0
高梁市成羽町吹屋_2047,0,1,0,12.5
高梁市成羽町吹屋_2053,0,1,0,50
高梁市成羽町吹屋_2065,1,5,5.555555556,27.77777778
高梁市成羽町吹屋_2069,0,2,0,28.57142857
高梁市成羽町吹屋_2071,1,3,10,30
高梁市成羽町成羽_2373,5,1,17.24137931,3.448275862
高梁市成羽町成羽_2419,4,1,13.79310345,3.448275862
高梁市成羽町成羽_2436,7,4,17.07317073,9.756097561
高梁市成羽町成羽_2469,12,5,24.48979592,10.20408163
高梁市成羽町成羽_2484,2,1,14.28571429,7.142857143
高梁市成羽町成羽_2503,21,11,29.57746479,15.49295775
高梁市成羽町成羽_2504,1,3,7.692307692,23.07692308
高梁市成羽町成羽_2518,1,0,16.66666667,0
高梁市成羽町成羽_2541,1,1,5,5
高梁市成羽町成羽_2545,6,9,7.692307692,11.53846154
高梁市成羽町成羽_2551,7,7,22.58064516,22.58064516
高梁市成羽町成羽_2552,0,2,0,40
高梁市成羽町成羽_2555,7,4,21.21212121,12.12121212
高梁市成羽町成羽_2557,4,1,22.22222222,5.555555556
高梁市成羽町成羽_2559,4,2,22.22222222,11.11111111
高梁市成羽町成羽_2571,1,0,16.66666667,0
高梁市成羽町成羽_2576,6,2,21.42857143,7.142857143
高梁市成羽町成羽_2579,3,4,13.63636364,18.18181818
高梁市成羽町成羽_2593,9,12,13.43283582,17.91044776
高梁市成羽町成羽_2594,0,1,0,20
高梁市成羽町成羽_2595,1,1,16.66666667,16.66666667
高梁市成羽町成羽_2596,1,1,7.142857143,7.142857143
高梁市成羽町成羽_2602,1,1,33.33333333,33.33333333
高梁市成羽町成羽_2603,0,1,0,100
高梁市成羽町星原_2628,4,12,7.01754386,21.05263158
高梁市成羽町星原_2637,2,8,4.761904762,19.04761905
高梁市成羽町星原_2640,3,5,18.75,31.25
高梁市成羽町相坂_2407,0,2,0,28.57142857
高梁市成羽町中野_2126,2,0,16.66666667,0
高梁市成羽町中野_2144,0,1,0,25
高梁市成羽町中野_2183,2,2,16.66666667,16.66666667
高梁市成羽町中野_2185,1,2,11.11111111,22.22222222
高梁市成羽町中野_2229,0,3,0,27.27272727
高梁市成羽町長地_2344,6,7,23.07692308,26.92307692
高梁市成羽町長地_2394,1,3,6.25,18.75
高梁市成羽町布寄_2287,3,3,16.66666667,16.66666667
高梁市成羽町布寄_2294,1,2,14.28571429,28.57142857
高梁市成羽町布寄_2327,0,2,0,22.22222222
高梁市成羽町布寄_2337,3,3,17.64705882,17.64705882
高梁市成羽町布寄_2384,0,2,0,40
高梁市正宗町４_2531,1,0,16.66666667,0
高梁市石火矢町_2420,11,47,4.977375566,21.26696833
高梁市川上町下大竹下刈，志田_2828,5,2,21.73913043,8.695652174
高梁市川上町下大竹大井大久保_2829,3,3,15.78947368,15.78947368
高梁市川上町下大竹野呂，野田恵迫_2785,9,4,20.93023256,9.302325581
高梁市川上町高山市芋原_2751,0,1,0,20
高梁市川上町高山市上市，中町_2783,1,5,4.545454545,22.72727273
高梁市川上町高山上組上，上組中，上組下_2774,2,9,7.692307692,34.61538462
高梁市川上町高山西円丸，東円丸，須志_2714,4,6,19.04761905,28.57142857
高梁市川上町高山谷尻_2737,0,3,0,33.33333333
高梁市川上町高山日向，陰地_2827,1,1,33.33333333,33.33333333
高梁市川上町高山日名峠，角屋_2792,2,5,18.18181818,45.45454545
高梁市川上町高山美牛，柳田，折谷_2803,3,5,23.07692308,38.46153846
高梁市川上町三沢大見谷上，大見谷下，笹の_2929,2,2,18.18181818,18.18181818
高梁市川上町三沢池田，槇原，野田_2902,6,4,19.35483871,12.90322581
高梁市川上町三沢日出谷上，日出谷下，八頭_2798,3,1,10.71428571,3.571428571
高梁市川上町七地加根谷，天王_2707,5,6,20,24
高梁市川上町七地管野，西_2708,6,8,31.57894737,42.10526316
高梁市川上町七地北，東_2684,4,2,20,10
高梁市川上町七地牧谷，谷条_2731,2,3,15.38461538,23.07692308
高梁市川上町上大竹下谷_2880,0,1,0,33.33333333
高梁市川上町上大竹神野西，神野東_2865,1,2,4.347826087,8.695652174
高梁市川上町上大竹正寺，小広_2906,3,6,11.11111111,22.22222222
高梁市川上町上大竹本谷，相坪_2877,3,3,17.64705882,17.64705882
高梁市川上町仁賀佐屋西，佐屋東_3027,2,3,13.33333333,20
高梁市川上町仁賀小谷ケ市，音藤，松原_2878,4,4,12.5,12.5
高梁市川上町仁賀上房，高岳_3020,5,7,21.73913043,30.43478261
高梁市川上町仁賀大谷，大岩_2935,2,1,18.18181818,9.090909091
高梁市川上町仁賀中筋，安成_2939,0,2,0,18.18181818
高梁市川上町仁賀白藤，光安_2947,3,3,23.07692308,23.07692308
高梁市川上町仁賀鈴木，麦の草_3028,4,5,20,25
高梁市川上町大原_2758,1,1,25,25
高梁市川上町地頭栄町，中之町_2838,3,8,7.142857143,19.04761905
高梁市川上町地頭恵美須，本町_2849,3,5,10.34482759,17.24137931
高梁市川上町地頭古敷，只尾，南_2871,1,5,4.545454545,22.72727273
高梁市川上町地頭国吉，高田_2811,7,10,14.58333333,20.83333333
高梁市川上町地頭住吉，元町_2817,1,2,10,20
高梁市川上町地頭新町，西谷，八十石_2780,9,5,18.36734694,10.20408163
高梁市川上町地頭名原，名原住宅，地頭住宅_2812,1,10,1.298701299,12.98701299
高梁市川上町領家一の谷，吉木_2655,10,5,40,20
高梁市川上町領家上，八幡，古川_2767,2,3,6.666666667,10
高梁市川上町領家乗元上，乗元下，久門住宅_2717,7,5,20.58823529,14.70588235
高梁市川上町領家尾頃，西川合，東町_2692,8,4,20,10
高梁市川上町領家本荘，朝日，領家住宅_2816,1,3,5,15
高梁市川上町臘数_2711,6,4,28.57142857,19.04761905
高梁市川端町_2403,1,1,50,50
高梁市川面町駅前，西屋_2148,11,6,21.56862745,11.76470588
高梁市川面町押野上，押野下_2094,4,3,20,15
高梁市川面町家地，大仁子_2099,3,3,23.07692308,23.07692308
高梁市川面町鴨谷，名越_2083,3,3,25,25
高梁市川面町久賀，屋敷_2098,13,4,30.23255814,9.302325581
高梁市川面町古川_2102,9,2,32.14285714,7.142857143
高梁市川面町市場４，５_2156,12,11,17.39130435,15.94202899
高梁市川面町市場北，１，２，３_2157,6,6,19.35483871,19.35483871
高梁市川面町大倉，中田，丸岩，桐山_2031,10,9,26.31578947,23.68421053
高梁市川面町八石，友行，高尾田_2030,8,6,28.57142857,21.42857143
高梁市川面町平田，中山，井才，辻前_2058,8,5,23.52941176,14.70588235
高梁市川面町鳴戸，津和谷_2169,2,4,20,40
高梁市川面町野瀬広瀬_2067,2,2,28.57142857,28.57142857
高梁市大工町_2470,0,1,0,20
高梁市鍛冶町１，紺屋町_2461,0,2,0,25
高梁市段町_2610,12,11,9.022556391,8.270676692
高梁市中井町西方花木西，花木中_1878,4,6,14.81481481,22.22222222
高梁市中井町西方佐内，西本，庄屋谷_1873,2,3,13.33333333,20
高梁市中井町西方市場，西_1860,5,8,12.82051282,20.51282051
高梁市中井町西方柴倉前，柴倉後_1937,5,4,22.72727273,18.18181818
高梁市中井町西方上野上，上野下_1795,5,3,18.51851852,11.11111111
高梁市中井町西方蔵ケ市，西迫，井戸_1914,5,6,14.70588235,17.64705882
高梁市中井町西方大松，入江_1977,2,5,9.523809524,23.80952381
高梁市中井町西方大草，丑手_1974,1,0,33.33333333,0
高梁市中井町西方鍛冶屋町，新市_1894,10,6,18.86792453,11.32075472
高梁市中井町津々山際_1696,3,5,13.04347826,21.73913043
高梁市中井町津々入野，横内_1690,5,4,27.77777778,22.22222222
高梁市中井町津々畑，津々羅_1802,3,2,18.75,12.5
高梁市中井町津々本村後_1790,7,7,20.58823529,20.58823529
高梁市中井町津々本村前，追田_1850,4,0,22.22222222,0
高梁市中原町_2563,12,19,5.381165919,8.520179372
高梁市津川町今津駅前１，２_2276,5,1,16.66666667,3.333333333
高梁市津川町今津駅前３，４_2267,6,3,19.35483871,9.677419355
高梁市津川町今津今津下_2220,11,4,20.37037037,7.407407407
高梁市津川町今津今津上_2211,3,5,15.78947368,26.31578947
高梁市津川町今津今津中_2244,11,3,26.82926829,7.317073171
高梁市津川町今津佐与谷_2259,0,0,0,0
高梁市津川町今津辻巻_2308,4,4,11.11111111,11.11111111
高梁市津川町今津幡見，池田，地久_2263,3,7,7.317073171,17.07317073
高梁市津川町八川花田，木の山_2118,5,5,17.85714286,17.85714286
高梁市津川町八川久原，堂屋敷_2155,12,1,35.29411765,2.941176471
高梁市津川町八川実相寺上，実相寺下_2072,1,1,6.666666667,6.666666667
高梁市津川町八川出口，小才藤_2223,3,10,8.571428571,28.57142857
高梁市津川町八川駿河_2240,2,4,10.52631579,21.05263158
高梁市津川町八川渡瀬，中曽_2163,4,0,40,0
高梁市津川町八川和井元，高下迫_2120,8,4,29.62962963,14.81481481
高梁市内山下_2404,1,2,4.761904762,9.523809524
高梁市内山下_2417,1,3,8.333333333,25
高梁市内山下１_2376,4,7,9.302325581,16.27906977
高梁市内山下２，３，４_2378,5,12,6.172839506,14.81481481
高梁市南町５_2547,1,3,5.555555556,16.66666667
高梁市南町６_2549,5,5,7.8125,7.8125
高梁市備中町志藤用瀬_2514,4,2,36.36363636,18.18181818
高梁市備中町西山吉家，高山_2015,2,0,13.33333333,0
高梁市備中町西山大蔵，畑谷，畑崎_2026,1,3,4.347826087,13.04347826
高梁市備中町西山目尾，奈良熊_2152,1,1,20,20
高梁市備中町西山六日，二五砂_2045,2,7,7.407407407,25.92592593
高梁市備中町西油野下谷，本郷_2170,3,7,10.34482759,24.13793103
高梁市備中町西油野指田，奥郷_2121,1,2,11.11111111,22.22222222
高梁市備中町西油野正信，高岩_2049,0,2,0,28.57142857
高梁市備中町西油野芳谷佐原目_2178,0,1,0,33.33333333
高梁市備中町西油野北方_2093,0,0,0,0
高梁市備中町長屋向長屋_2489,3,6,14.28571429,28.57142857
高梁市備中町長屋市場，長屋住宅_2542,6,5,12,10
高梁市備中町東油野上原上，金石郷_2116,4,4,17.39130435,17.39130435
高梁市備中町東油野森迫，笹野，入野_2218,4,5,12.5,15.625
高梁市備中町東油野田原上，上原下_2180,5,7,25,35
高梁市備中町東油野田原中，田原下_2269,5,8,10.41666667,16.66666667
高梁市備中町布賀下長谷，中長谷_2431,0,2,0,18.18181818
高梁市備中町布賀向，郷_2612,5,4,20.83333333,16.66666667
高梁市備中町布賀黒鳥，数之瀬，黒鳥住宅_2455,5,9,12.82051282,23.07692308
高梁市備中町布賀上長谷_2548,0,3,0,37.5
高梁市備中町布賀前谷_2663,4,5,28.57142857,35.71428571
高梁市備中町布賀大地_2696,0,0,0,0
高梁市備中町布賀北迫，大原_2502,3,14,8.823529412,41.17647059
高梁市備中町布瀬丸山，下布瀬，小那田_2565,4,0,25,0
高梁市備中町布瀬上布瀬，日名_2653,5,5,35.71428571,35.71428571
高梁市備中町布瀬中布瀬，陰地，八幡_2588,7,5,12.96296296,9.259259259
高梁市備中町平川井川，二又瀬，角子惣田_2339,1,7,4.347826087,30.43478261
高梁市備中町平川下郷_2372,3,12,6.52173913,26.08695652
高梁市備中町平川小林，天王臼谷，大原田間_2414,0,7,0,30.43478261
高梁市備中町平川前北，後北_2264,3,8,15.78947368,42.10526316
高梁市備中町平川竹之倉，後谷，木之村_2572,1,5,10,50
高梁市備中町平川中郷，上郷_2332,3,10,12.5,41.66666667
高梁市備中町平川津々羅，越山，東西安田_2620,3,13,10,43.33333333
高梁市備中町平川平弟子，小迫通槇，金野_2441,1,4,9.090909091,36.36363636
高梁市備中町平川堀井，小戸森，阿部浦_2297,0,1,0,25
高梁市備中町平川名木，坪野乙原_2206,2,2,22.22222222,22.22222222
高梁市浜町_2529,10,25,4.385964912,10.96491228
高梁市片原町_2421,1,3,7.142857143,21.42857143
高梁市有漢町上有漢下金倉_1810,3,2,25,16.66666667
高梁市有漢町上有漢垣元_1868,1,6,3.703703704,22.22222222
高梁市有漢町上有漢垣上_1816,1,3,11.11111111,33.33333333
高梁市有漢町上有漢神明_1741,5,2,35.71428571,14.28571429
高梁市有漢町上有漢西組_1800,3,7,12.5,29.16666667
高梁市有漢町上有漢石寺_1809,1,1,33.33333333,33.33333333
高梁市有漢町上有漢川関下_1733,4,3,14.28571429,10.71428571
高梁市有漢町上有漢川関上_1732,5,3,15.625,9.375
高梁市有漢町上有漢大宗_1870,5,4,31.25,25
高梁市有漢町上有漢大石_1871,4,5,15.38461538,19.23076923
高梁市有漢町上有漢大谷_1773,3,8,12.5,33.33333333
高梁市有漢町上有漢中組_1754,2,4,8.333333333,16.66666667
高梁市有漢町上有漢中尾_1855,0,2,0,66.66666667
高梁市有漢町有漢安元_1900,0,1,0,10
高梁市有漢町有漢羽場_1928,2,0,20,0
高梁市有漢町有漢下横見，緑丘_1890,4,4,6.060606061,6.060606061
高梁市有漢町有漢下市_1938,5,6,11.11111111,13.33333333
高梁市有漢町有漢畦地_1884,8,11,17.39130435,23.91304348
高梁市有漢町有漢元重_1936,1,3,9.090909091,27.27272727
高梁市有漢町有漢古市_1933,4,2,19.04761905,9.523809524
高梁市有漢町有漢山形_1953,6,1,28.57142857,4.761904762
高梁市有漢町有漢市場，新市場_1923,2,3,11.76470588,17.64705882
高梁市有漢町有漢上横見_1917,2,1,40,20
高梁市有漢町有漢上市_1901,0,1,0,4.166666667
高梁市有漢町有漢城下_1925,5,5,20.83333333,20.83333333
高梁市有漢町有漢信清_1954,6,2,35.29411765,11.76470588
高梁市有漢町有漢大谷_1897,5,5,20.83333333,20.83333333
高梁市有漢町有漢大塚_1859,0,2,0,33.33333333
高梁市有漢町有漢茶堂_1867,3,4,9.090909091,12.12121212
高梁市有漢町有漢中市_1913,0,2,0,20
高梁市有漢町有漢貞守_1916,6,1,42.85714286,7.142857143
高梁市有漢町有漢土居_1834,4,4,16,16
高梁市有漢町有漢八幡_1891,7,4,23.33333333,13.33333333
高梁市有漢町有漢鈴岳_1882,12,13,20,21.66666667
高梁市頼久寺町_2440,2,7,4.651162791,16.27906977
高梁市落合町阿部_2561,1,0,14.28571429,0
高梁市落合町阿部_2617,1,0,50,0
高梁市落合町阿部_2648,1,1,8.333333333,8.333333333
高梁市落合町阿部_2664,0,1,0,14.28571429
高梁市落合町阿部井谷_2560,25,25,7.987220447,7.987220447
高梁市落合町阿部才原_2619,7,4,10.29411765,5.882352941
高梁市落合町阿部市場_2589,18,13,8.333333333,6.018518519
高梁市落合町阿部小瀬_2651,6,4,9.836065574,6.557377049
高梁市落合町阿部中一_2659,2,2,2.173913043,2.173913043
高梁市落合町阿部中三_2627,9,17,3.409090909,6.439393939
高梁市落合町阿部中二_2618,13,6,11.40350877,5.263157895
高梁市落合町阿部藤倉_2631,7,4,12.06896552,6.896551724
高梁市落合町阿部北山_2575,22,12,15.27777778,8.333333333
高梁市落合町近似陰地下_2490,18,16,7.438016529,6.611570248
高梁市落合町近似陰地上_2493,5,5,13.15789474,13.15789474
高梁市落合町近似奥_2357,1,3,2.777777778,8.333333333
高梁市落合町近似下組_2539,1,5,3.703703704,18.51851852
高梁市落合町近似光ヶ丘_2611,0,2,0,18.18181818
高梁市落合町近似鍛冶屋町_2422,10,33,5.524861878,18.2320442
高梁市落合町近似日名_2399,9,7,8.737864078,6.796116505
高梁市落合町原田川西，原田_2383,4,4,28.57142857,28.57142857
高梁市落合町原田川中，川東_2323,5,3,22.72727273,13.63636364
高梁市落合町福地谷山_2390,4,2,36.36363636,18.18181818
高梁市落合町福地鍋坂，境谷_2472,4,4,14.28571429,14.28571429
高梁市落合町福地本村_2361,6,10,12.5,20.83333333
高梁市落合町福地野坂，難波江_2353,0,0,0,0
高梁市和田町１_2482,4,10,3.149606299,7.874015748
高梁市和田町２_2515,7,10,9.333333333,13.33333333
新見市井倉_1745,27,19,15.97633136,11.24260355
新見市下熊谷_1079,39,12,25.82781457,7.947019868
新見市金谷_1443,31,27,10.33333333,9
新見市高尾_1063,102,163,7.385952209,11.80304127
新見市坂本_813,23,3,36.50793651,4.761904762
新見市上熊谷_977,61,41,23.64341085,15.89147287
新見市上市_993,63,35,13.3192389,7.399577167
新見市新見_1353,130,229,8.233058898,14.50284991
新見市神郷下神代安信_1314,0,1,0,14.28571429
新見市神郷下神代下谷_1454,3,0,30,0
新見市神郷下神代岩屋_1317,5,2,31.25,12.5
新見市神郷下神代坂根西，坂根東_1433,11,1,55,5
新見市神郷下神代三信_1375,11,8,34.375,25
新見市神郷下神代小谷_1222,2,0,40,0
新見市神郷下神代新市下，新市中_1298,5,4,15.15151515,12.12121212
新見市神郷下神代新市上_1321,7,2,25,7.142857143
新見市神郷下神代谷安_1440,3,0,37.5,0
新見市神郷下神代湯舟_1265,6,3,33.33333333,16.66666667
新見市神郷下神代門前上，中，下_1312,11,6,28.94736842,15.78947368
新見市神郷下神代野田_1401,6,2,31.57894737,10.52631579
新見市神郷釜村奥谷_499,0,1,0,16.66666667
新見市神郷釜村押合_614,2,1,50,25
新見市神郷釜村下和忠_597,7,7,29.16666667,29.16666667
新見市神郷釜村佐角_528,1,1,12.5,12.5
新見市神郷釜村三ケ市_497,3,0,25,0
新見市神郷釜村三坂上，中，下_688,3,4,15.78947368,21.05263158
新見市神郷釜村上和忠_512,2,2,15.38461538,15.38461538
新見市神郷釜村大忠_557,5,1,45.45454545,9.090909091
新見市神郷釜村田口_564,2,3,16.66666667,25
新見市神郷釜村本村_685,2,2,13.33333333,13.33333333
新見市神郷高瀬下梅田_698,1,2,8.333333333,16.66666667
新見市神郷高瀬上梅田_638,3,2,16.66666667,11.11111111
新見市神郷高瀬上野新田，下野新田_575,3,3,20,20
新見市神郷高瀬大原_571,0,1,0,11.11111111
新見市神郷高瀬仲村_606,1,6,5.555555556,33.33333333
新見市神郷高瀬長久_632,2,1,13.33333333,6.666666667
新見市神郷高瀬木谷_551,2,3,14.28571429,21.42857143
新見市神郷高瀬野原_536,1,1,12.5,12.5
新見市神郷高瀬野原わし尾_549,3,5,25,41.66666667
新見市神郷高瀬柳原_650,2,0,66.66666667,0
新見市神郷油野奥田井屋_1089,5,2,41.66666667,16.66666667
新見市神郷油野下油野下，下油野中_904,5,4,20.83333333,16.66666667
新見市神郷油野下油野上ノ上，下油野上ノ_976,1,1,14.28571429,14.28571429
新見市神郷油野三室下_992,1,1,25,25
新見市神郷油野三室上_807,1,0,25,0
新見市神郷油野三室中_853,3,2,33.33333333,22.22222222
新見市神郷油野上油野上，上油野下_1018,7,7,30.43478261,30.43478261
新見市神郷油野大熊_1189,1,1,33.33333333,33.33333333
新見市神郷油野竹ノ下_1216,1,1,11.11111111,11.11111111
新見市神郷油野中田井屋_1146,3,1,42.85714286,14.28571429
新見市神郷油野備北開拓_1130,0,1,0,14.28571429
新見市神郷油野落合，重藤_967,0,3,0,37.5
新見市菅生_466,51,27,27.41935484,14.51612903
新見市正田_1530,54,42,11.18012422,8.695652174
新見市西方_1279,81,113,7.49306198,10.453284
新見市石蟹_1617,33,38,14.34782609,16.52173913
新見市千屋_461,6,10,12.24489796,20.40816327
新見市千屋井原_275,14,8,28.57142857,16.32653061
新見市千屋花見_248,10,17,13.15789474,22.36842105
新見市千屋実_377,27,32,20.93023256,24.80620155
新見市草間_1658,68,40,24.72727273,14.54545455
新見市足見_1661,28,17,29.78723404,18.08510638
新見市足立_810,4,18,7.843137255,35.29411765
新見市大佐永富横見，助近_653,14,8,16.86746988,9.638554217
新見市大佐永富郷尾，平_785,9,6,25.71428571,17.14285714
新見市大佐永富東町，上組，下組_618,16,10,24.61538462,15.38461538
新見市大佐永富南町の小坂部川以東_741,7,11,10.60606061,16.66666667
新見市大佐小阪部しの原，上千谷，下千谷_537,20,4,30.76923077,6.153846154
新見市大佐小阪部下町の小坂部川以西_729,7,6,20.58823529,17.64705882
新見市大佐小阪部寺地，三谷，西_625,17,12,26.15384615,18.46153846
新見市大佐小阪部上町，本町の旧県道以西_663,5,2,20.83333333,8.333333333
新見市大佐小阪部上町，本町の旧県道以東_665,6,4,25,16.66666667
新見市大佐小阪部神宮寺，金藤，奥谷_735,12,2,37.5,6.25
新見市大佐小阪部南町，大正町の旧県道以西_739,13,10,17.80821918,13.69863014
新見市大佐小阪部南町，大正町の旧県道以東_748,3,3,27.27272727,27.27272727
新見市大佐小南_831,12,2,30,5
新見市大佐上刑部_372,0,0,0,0
新見市大佐上刑部つづら畑_410,0,0,0,0
新見市大佐上刑部夏日，徳定，久清，実清_503,7,5,33.33333333,23.80952381
新見市大佐上刑部落合，定藤_459,6,0,25,0
新見市大佐大井野君山，伏谷_221,3,8,12,32
新見市大佐大井野上組，中組の小学校以北_358,6,4,22.22222222,14.81481481
新見市大佐大井野中組の小学校高以南，下組_360,3,0,37.5,0
新見市大佐田治部うるし原，馬場，京明_855,12,0,28.57142857,0
新見市大佐田治部勘定，畑，大下_1221,2,2,28.57142857,28.57142857
新見市大佐田治部戸谷，光吉，新田_972,11,6,23.91304348,13.04347826
新見市大佐田治部今石，田平のＪＲ以東_1003,6,3,19.35483871,9.677419355
新見市大佐田治部早瀬，仲屋_903,7,4,25.92592593,14.81481481
新見市大佐田治部田平_1045,1,0,33.33333333,0
新見市大佐田治部東山，平吹，尾原_1149,0,0,0,0
新見市大佐田治部目木，国司，田平のＪＲ_974,6,1,24,4
新見市大佐布瀬下布瀬_1151,11,3,35.48387097,9.677419355
新見市大佐布瀬河内，新殿_886,5,5,14.70588235,14.70588235
新見市大佐布瀬松坂，末永，宗貞_1105,6,6,20,20
新見市長屋_1675,35,14,29.66101695,11.86440678
新見市哲西町上神代干子，下モ地区，佐藤_1301,4,4,19.04761905,19.04761905
新見市哲西町上神代桑本，右原地区_1640,7,4,25,14.28571429
新見市哲西町上神代高石地区_1595,5,7,17.85714286,25
新見市哲西町上神代西江地区_1638,5,5,20,20
新見市哲西町上神代大茅，宮ノ屋，下馬，赤谷_1528,7,5,18.91891892,13.51351351
新見市哲西町上神代二ノ宮，市岡，上エ，旭，_1561,9,6,18.75,12.5
新見市哲西町上神代平古屋，日長谷地区_1398,8,3,33.33333333,12.5
新見市哲西町上神代矢神住吉地区，大和_1601,5,4,16.66666667,13.33333333
新見市哲西町大竹_1877,22,1,30.1369863,1.369863014
新見市哲西町大野部高野，川東，川南地区_1970,3,5,13.63636364,22.72727273
新見市哲西町大野部生木，野原地区_1874,10,6,33.33333333,20
新見市哲西町大野部川西地区_1939,3,3,18.75,18.75
新見市哲西町大野部本区，日ノ本，頼重，信藤_1910,10,8,19.23076923,15.38461538
新見市哲西町畑木四日市地区_1827,10,8,18.51851852,14.81481481
新見市哲西町畑木住吉地区_1857,13,7,27.08333333,14.58333333
新見市哲西町畑木東区，青谷地区_1789,10,9,17.85714286,16.07142857
新見市哲西町八鳥町，長原地区_1853,10,8,21.73913043,17.39130435
新見市哲西町八鳥伏谷地区_1844,6,7,12,14
新見市哲西町矢田井下，城山，天王，矢田谷_1781,8,10,16,20
新見市哲西町矢田貝田地区_1699,2,2,20,20
新見市哲西町矢田元町，浪方地区_1704,6,5,23.07692308,19.23076923
新見市哲西町矢田荒堀，土井下，倉木地区_1688,7,4,23.33333333,13.33333333
新見市哲西町矢田土井上，横田地区_1748,15,5,37.5,12.5
新見市哲西町矢田武内，馬場地区_1752,3,7,10,23.33333333
新見市哲西町矢田本町，奥，金比羅地区_1737,4,6,12.90322581,19.35483871
新見市哲多町荻尾_1826,8,8,18.60465116,18.60465116
新見市哲多町花木_1684,20,13,21.97802198,14.28571429
新見市哲多町蚊家_1833,15,13,20.27027027,17.56756757
新見市哲多町宮河内新行，小村谷_1565,29,12,38.15789474,15.78947368
新見市哲多町成松上成松，戸宮_1758,34,7,23.77622378,4.895104895
新見市哲多町大野_1525,4,2,19.04761905,9.523809524
新見市哲多町田淵引無_1669,10,10,21.73913043,21.73913043
新見市哲多町本郷城谷上，城谷下，_1729,49,19,21.77777778,8.444444444
新見市哲多町矢戸_1906,33,9,26.19047619,7.142857143
新見市哲多町老栄_1832,10,5,27.02702703,13.51351351
新見市土橋_1501,21,4,26.58227848,5.063291139
新見市唐松_1376,60,57,17.69911504,16.81415929
新見市馬塚_1011,10,1,25,2.5
新見市法曾_1851,23,26,17.69230769,20
新見市豊永宇山_1644,9,11,13.43283582,16.41791045
新見市豊永佐伏_1458,27,30,18.36734694,20.40816327
新見市豊永赤馬_1231,24,15,32.43243243,20.27027027
浅口市みどりケ丘１丁目_4810,11,4,6.875,2.5
浅口市みどりケ丘２丁目_4814,13,4,11.9266055,3.669724771
浅口市みどりケ丘３丁目_4828,18,6,13.43283582,4.47761194
浅口市みどりケ丘４丁目_4841,7,4,8.43373494,4.819277108
浅口市益坂_4674,7,8,17.94871795,20.51282051
浅口市益坂_4706,20,6,27.39726027,8.219178082
浅口市益坂_4758,12,8,22.22222222,14.81481481
浅口市益坂_4763,9,2,18.75,4.166666667
浅口市下竹_4698,53,28,17.20779221,9.090909091
浅口市鴨方_4769,9,6,14.28571429,9.523809524
浅口市鴨方_4782,20,7,17.54385965,6.140350877
浅口市鴨方_4783,9,7,21.95121951,17.07317073
浅口市鴨方_4795,13,3,18.05555556,4.166666667
浅口市鴨方_4800,3,1,17.64705882,5.882352941
浅口市鴨方_4817,6,3,13.04347826,6.52173913
浅口市鴨方_4818,17,10,14.7826087,8.695652174
浅口市鴨方_4820,11,10,14.28571429,12.98701299
浅口市鴨方_4842,22,17,11.70212766,9.042553191
浅口市鴨方_4843,8,4,11.76470588,5.882352941
浅口市鴨方_4856,4,6,6.153846154,9.230769231
浅口市鴨方_4860,5,3,8.474576271,5.084745763
浅口市鴨方_4862,3,3,11.11111111,11.11111111
浅口市鴨方_4864,7,3,12.72727273,5.454545455
浅口市鴨方_4866,6,4,10.16949153,6.779661017
浅口市鴨方_4879,10,8,10.52631579,8.421052632
浅口市寄島新開_5178,6,3,10.16949153,5.084745763
浅口市寄島町_5066,1,2,12.5,25
浅口市宮通１_5123,0,4,0,16
浅口市宮通２_5144,3,6,14.28571429,28.57142857
浅口市宮通３_5156,1,2,5,10
浅口市鏡_5159,5,4,11.62790698,9.302325581
浅口市鏡松尾_5196,3,4,16.66666667,22.22222222
浅口市国頭西_5153,10,11,12.34567901,13.58024691
浅口市国頭東_5145,12,13,13.48314607,14.60674157
浅口市佐方_4840,85,40,15.82867784,7.448789572
浅口市三郎西_5218,3,0,13.04347826,0
浅口市三郎東_5206,4,1,21.05263158,5.263157895
浅口市山根西_5137,7,3,26.92307692,11.53846154
浅口市山根東_5131,3,2,20,13.33333333
浅口市柴木根奥_5090,2,1,16.66666667,8.333333333
浅口市柴木実盛，築地_5112,5,2,20.83333333,8.333333333
浅口市柴木新川_5097,4,1,28.57142857,7.142857143
浅口市柴木西_5103,11,3,29.72972973,8.108108108
浅口市小坂西_4756,13,8,21.31147541,13.1147541
浅口市小坂西_4764,28,9,28.57142857,9.183673469
浅口市小坂西_4777,13,3,26,6
浅口市小坂西_4802,9,7,16.07142857,12.5
浅口市小坂西_4805,23,9,29.48717949,11.53846154
浅口市小坂西_4827,12,9,22.22222222,16.66666667
浅口市小坂東_4580,0,1,0,8.333333333
浅口市小坂東_4640,1,6,4.761904762,28.57142857
浅口市小坂東_4659,8,3,19.51219512,7.317073171
浅口市小坂東_4669,18,3,28.125,4.6875
浅口市小坂東_4692,10,5,21.27659574,10.63829787
浅口市小坂東_4701,9,6,23.07692308,15.38461538
浅口市小坂東_4709,16,4,26.66666667,6.666666667
浅口市小坂東_4713,10,2,25,5
浅口市小坂東_4755,29,6,34.52380952,7.142857143
浅口市上竹_4623,39,11,24.07407407,6.790123457
浅口市深田_4776,13,5,16.4556962,6.329113924
浅口市深田_4806,20,7,19.60784314,6.862745098
浅口市深田_4832,14,6,17.07317073,7.317073171
浅口市深田_4848,11,5,13.25301205,6.024096386
浅口市深田_4858,15,13,11.81102362,10.23622047
浅口市須恵_4834,26,19,12.20657277,8.920187793
浅口市西安倉小山_5140,5,5,21.73913043,21.73913043
浅口市西安倉上場_5127,7,7,17.5,17.5
浅口市西安倉浜_5135,12,9,22.22222222,16.66666667
浅口市西安倉埋立_5142,4,4,13.79310345,13.79310345
浅口市青佐_5198,12,9,14.28571429,10.71428571
浅口市青佐上_5201,7,3,19.44444444,8.333333333
浅口市青佐大原_5219,15,5,28.84615385,9.615384615
浅口市占見_4718,79,49,13.55060034,8.404802744
浅口市占見新田_4710,46,31,16.97416974,11.43911439
浅口市占見新田_4714,19,10,17.59259259,9.259259259
浅口市占見新田_4778,82,62,10.32745592,7.808564232
浅口市早崎１_5165,7,9,13.7254902,17.64705882
浅口市早崎２_5163,3,3,11.53846154,11.53846154
浅口市早崎３_5157,2,3,10,15
浅口市早崎４_5173,3,4,11.11111111,14.81481481
浅口市早崎５_5180,2,3,10.52631579,15.78947368
浅口市早崎６_5166,3,4,7.5,10
浅口市早崎７_5172,3,3,8.333333333,8.333333333
浅口市大浦下_5187,2,3,22.22222222,33.33333333
浅口市大浦中_5181,5,1,23.80952381,4.761904762
浅口市大浦浜_5183,5,4,14.28571429,11.42857143
浅口市大浦北_5170,4,3,30.76923077,23.07692308
浅口市大谷_4815,32,17,16.24365482,8.629441624
浅口市大谷_4824,51,40,9.392265193,7.366482505
浅口市地頭下_4739,36,18,17.82178218,8.910891089
浅口市地頭上_4655,13,16,14.77272727,18.18181818
浅口市地頭上_4656,7,4,21.21212121,12.12121212
浅口市地頭上_4721,11,7,18.33333333,11.66666667
浅口市中安倉岡ノ前_5121,6,9,16.66666667,25
浅口市中安倉市場_5132,5,6,16.12903226,19.35483871
浅口市中安倉戎_5109,14,10,18.18181818,12.98701299
浅口市中安倉上場_5120,9,6,20.45454545,13.63636364
浅口市中安倉長町_5125,4,4,16.66666667,16.66666667
浅口市中新開団地_5200,12,6,11.88118812,5.940594059
浅口市東安倉西_5099,6,7,18.75,21.875
浅口市東安倉大谷_5092,12,8,16,10.66666667
浅口市東安倉中_5088,5,6,12.82051282,15.38461538
浅口市東安倉東_5102,7,5,20.58823529,14.70588235
浅口市東安倉番屋_5089,15,13,18.75,16.25
浅口市東安倉浜_5115,14,7,28.57142857,14.28571429
浅口市八重_4765,27,20,12.10762332,8.968609865
浅口市鳩ケ丘１丁目_4977,4,2,7.272727273,3.636363636
浅口市鳩ケ丘２丁目_4990,3,2,2.752293578,1.834862385
浅口市鳩ケ丘３丁目_4999,7,6,8.974358974,7.692307692
浅口市鳩ケ丘４丁目_4985,3,0,75,0
浅口市尾焼南_5155,2,2,6.896551724,6.896551724
浅口市尾焼北_5139,5,5,13.51351351,13.51351351
浅口市福井南_5114,2,3,10,15
浅口市福井北_5108,3,5,15,25
浅口市片本丘_5177,11,8,22.44897959,16.32653061
浅口市片本浜_5188,9,6,18.75,12.5
浅口市本庄_4645,6,0,20,0
浅口市本庄_4648,14,5,41.17647059,14.70588235
浅口市本庄_4691,13,3,28.26086957,6.52173913
浅口市本庄_4707,10,9,21.27659574,19.14893617
浅口市本庄_4712,4,3,19.04761905,14.28571429
浅口市本庄_4719,16,16,16.84210526,16.84210526
浅口市本庄_4744,7,2,21.21212121,6.060606061
浅口市六条院西_4992,7,8,7.216494845,8.24742268
浅口市六条院西_5009,11,8,13.25301205,9.638554217
浅口市六条院西_5020,11,5,16.17647059,7.352941176
浅口市六条院西_5038,11,5,22.44897959,10.20408163
浅口市六条院西_5044,7,6,11.47540984,9.836065574
浅口市六条院西_5048,10,4,18.51851852,7.407407407
浅口市六条院西_5049,14,4,26.41509434,7.547169811
浅口市六条院西_5050,3,3,4.918032787,4.918032787
浅口市六条院西_5071,14,5,25.92592593,9.259259259
浅口市六条院中_4878,19,11,19.19191919,11.11111111
浅口市六条院中_4899,4,4,13.79310345,13.79310345
浅口市六条院中_4912,4,3,15.38461538,11.53846154
浅口市六条院中_4916,10,13,10.20408163,13.26530612
浅口市六条院中_4917,2,1,8.695652174,4.347826087
浅口市六条院中_4923,6,6,22.22222222,22.22222222
浅口市六条院中_4924,1,2,6.25,12.5
浅口市六条院中_4926,13,9,17.10526316,11.84210526
浅口市六条院中_4927,5,6,12.19512195,14.63414634
浅口市六条院中_4934,8,5,10.81081081,6.756756757
浅口市六条院中_4936,12,6,19.35483871,9.677419355
浅口市六条院中_4939,7,7,13.46153846,13.46153846
浅口市六条院中_4949,19,13,11.24260355,7.692307692
浅口市六条院中_4957,11,10,16.66666667,15.15151515
浅口市六条院中_4966,4,2,10,5
浅口市六条院中_4982,5,5,9.433962264,9.433962264
浅口市六条院中_4983,8,9,16.66666667,18.75
浅口市六条院中_4991,4,2,26.66666667,13.33333333
浅口市六条院中_5003,0,2,0,20
浅口市六条院中_5007,8,4,18.60465116,9.302325581
浅口市六条院東_4857,9,7,12.5,9.722222222
浅口市六条院東_4861,8,2,33.33333333,8.333333333
浅口市六条院東_4871,7,4,16.66666667,9.523809524
浅口市六条院東_4876,6,9,6.382978723,9.574468085
浅口市六条院東_4895,21,11,17.07317073,8.943089431
浅口市六条院東_4911,8,5,7.142857143,4.464285714
浅口市六条院東_4929,1,0,10,0
浅口市六条院東_4935,0,1,0,33.33333333
浅口市六条院東_4974,18,8,22.78481013,10.12658228
浅口市六条院東_5018,9,6,17.64705882,11.76470588
倉敷市阿知１丁目_4465,8,28,4.519774011,15.81920904
倉敷市阿知２丁目_4492,10,31,5.208333333,16.14583333
倉敷市阿知３丁目_4510,6,40,2.739726027,18.26484018
倉敷市安江_4521,59,88,4.79285134,7.148659626
倉敷市稲荷町_4546,12,65,3.157894737,17.10526316
倉敷市羽島_4485,64,125,5.075337034,9.912767645
倉敷市浦田_4663,13,11,9.285714286,7.857142857
倉敷市沖_4575,28,30,5.293005671,5.671077505
倉敷市沖_4627,5,7,5.154639175,7.216494845
倉敷市沖新町_4599,29,28,5.215827338,5.035971223
倉敷市下庄_3957,46,32,7.491856678,5.211726384
倉敷市下津井_5186,3,2,21.42857143,14.28571429
倉敷市下津井_5286,5,4,11.62790698,9.302325581
倉敷市下津井１丁目_5301,20,35,9.259259259,16.2037037
倉敷市下津井２丁目_5295,18,21,11.76470588,13.7254902
倉敷市下津井３丁目_5291,12,7,7.947019868,4.635761589
倉敷市下津井４丁目_5300,12,16,8.759124088,11.67883212
倉敷市下津井５丁目_5289,21,11,23.07692308,12.08791209
倉敷市下津井吹上_5287,2,6,5,15
倉敷市下津井吹上１丁目_5296,16,18,10.95890411,12.32876712
倉敷市下津井吹上２丁目_5293,18,26,8.866995074,12.80788177
倉敷市下津井田之浦_5292,0,0,0,0
倉敷市下津井田之浦_5304,0,3,0,15.78947368
倉敷市下津井田之浦１丁目_5302,12,25,6.818181818,14.20454545
倉敷市下津井田之浦２丁目_5294,15,23,10.06711409,15.43624161
倉敷市加須山_4556,61,66,8.739255014,9.455587393
倉敷市亀山_4566,47,49,8.362989324,8.71886121
倉敷市亀島１丁目_4835,37,40,8.096280088,8.75273523
倉敷市亀島２丁目_4807,20,41,4.975124378,10.19900498
倉敷市吉岡_4652,38,24,6.773618538,4.278074866
倉敷市宮前_4351,61,97,5.98626104,9.519136408
倉敷市玉島_4702,79,67,6.775300172,5.746140652
倉敷市玉島１丁目_4774,19,37,5.428571429,10.57142857
倉敷市玉島２丁目_4798,31,49,8.310991957,13.13672922
倉敷市玉島３丁目_4816,31,43,10,13.87096774
倉敷市玉島３丁目_4826,3,3,11.53846154,11.53846154
倉敷市玉島阿賀崎_4743,80,58,11.44492132,8.297567954
倉敷市玉島阿賀崎１丁目_4728,19,19,9.405940594,9.405940594
倉敷市玉島阿賀崎２丁目_4745,16,17,9.039548023,9.604519774
倉敷市玉島阿賀崎３丁目_4741,10,15,4.926108374,7.389162562
倉敷市玉島阿賀崎４丁目_4737,13,12,6.074766355,5.607476636
倉敷市玉島阿賀崎５丁目_4729,12,17,6.12244898,8.673469388
倉敷市玉島乙島_4720,256,244,9.899458623,9.4354215
倉敷市玉島乙島_4873,132,141,7.927927928,8.468468468
倉敷市玉島黒崎_4851,259,213,16.16729089,13.29588015
倉敷市玉島黒崎新町_4996,14,7,11.96581197,5.982905983
倉敷市玉島上成_4668,143,94,9.903047091,6.509695291
倉敷市玉島中央町１丁目_4781,14,24,8.75,15
倉敷市玉島中央町２丁目_4775,12,16,9.022556391,12.03007519
倉敷市玉島中央町３丁目_4793,13,23,9.558823529,16.91176471
倉敷市玉島長尾_4597,168,139,7.84680056,6.492293321
倉敷市玉島爪崎_4660,70,66,5.376344086,5.069124424
倉敷市玉島陶_4422,85,39,19.76744186,9.069767442
倉敷市玉島道越_4693,66,37,13.2,7.4
倉敷市玉島道口_4558,116,66,16.69064748,9.496402878
倉敷市玉島柏台１丁目_4868,7,10,4.575163399,6.535947712
倉敷市玉島柏台２丁目_4882,7,7,5.185185185,5.185185185
倉敷市玉島柏台３丁目_4887,16,15,8.839779006,8.287292818
倉敷市玉島柏台４丁目_4900,10,8,10.98901099,8.791208791
倉敷市玉島柏台５丁目_4918,18,9,11.11111111,5.555555556
倉敷市玉島柏島_4803,235,258,10.32059728,11.33069829
倉敷市玉島八島_4637,163,137,9.303652968,7.819634703
倉敷市玉島富_4611,24,13,23.30097087,12.62135922
倉敷市玉島服部_4372,14,8,20.28985507,11.5942029
倉敷市玉島勇崎_4850,126,103,12.87027579,10.52093973
倉敷市串田_4735,24,22,10.85972851,9.954751131
倉敷市栗坂_4085,32,19,14.34977578,8.520179372
倉敷市呼松１丁目_4987,11,16,10.09174312,14.67889908
倉敷市呼松２丁目_5022,14,28,10.52631579,21.05263158
倉敷市呼松３丁目_5032,13,26,11.11111111,22.22222222
倉敷市呼松町_4984,2,3,22.22222222,33.33333333
倉敷市菰池_5284,1,1,100,100
倉敷市菰池１丁目_5280,8,19,5.797101449,13.76811594
倉敷市菰池２丁目_5277,39,30,11.30434783,8.695652174
倉敷市菰池３丁目_5270,35,33,10.05747126,9.482758621
倉敷市五日市_4470,61,40,12.95116773,8.492569002
倉敷市向山_4554,5,14,4.95049505,13.86138614
倉敷市幸町_4430,19,69,2.653631285,9.636871508
倉敷市広江１丁目_4965,25,18,8.992805755,6.474820144
倉敷市広江２丁目_4925,21,17,7.608695652,6.15942029
倉敷市広江３丁目_4928,5,2,1.612903226,0.64516129
倉敷市広江４丁目_4902,0,1,0,10
倉敷市広江５丁目_4938,15,8,9.433962264,5.031446541
倉敷市広江６丁目_4959,22,21,8.301886792,7.924528302
倉敷市広江７丁目_4941,43,29,6.935483871,4.677419355
倉敷市広江８丁目_4909,11,6,5.445544554,2.97029703
倉敷市高須賀_4569,36,14,13.43283582,5.223880597
倉敷市黒崎_4397,39,52,8.724832215,11.63310962
倉敷市黒石_4666,15,4,13.04347826,3.47826087
倉敷市笹沖_4613,110,125,4.33582972,4.927079227
倉敷市三田_4024,25,15,6.684491979,4.010695187
倉敷市山地_3670,56,36,10.54613936,6.779661017
倉敷市四十瀬_4563,66,59,5.789473684,5.175438596
倉敷市児島阿津１丁目_5274,20,31,7.352941176,11.39705882
倉敷市児島阿津２丁目_5282,9,15,5.590062112,9.316770186
倉敷市児島阿津３丁目_5281,7,12,6.930693069,11.88118812
倉敷市児島宇野津_5024,31,7,24.21875,5.46875
倉敷市児島駅前１丁目_5251,11,8,11.95652174,8.695652174
倉敷市児島駅前２丁目_5248,16,21,8.648648649,11.35135135
倉敷市児島駅前３丁目_5253,1,1,10,10
倉敷市児島駅前４丁目_5265,11,13,4.977375566,5.882352941
倉敷市児島塩生_5118,85,57,9.803921569,6.574394464
倉敷市児島下の町_5138,1,0,25,0
倉敷市児島下の町１０丁目_5211,54,60,8.737864078,9.708737864
倉敷市児島下の町１丁目_5223,15,26,7.5,13
倉敷市児島下の町２丁目_5212,49,57,8.703374778,10.12433393
倉敷市児島下の町３丁目_5203,34,28,10.52631579,8.66873065
倉敷市児島下の町４丁目_5171,78,46,11.11111111,6.552706553
倉敷市児島下の町５丁目_5179,22,21,8.835341365,8.43373494
倉敷市児島下の町６丁目_5152,41,33,11.88405797,9.565217391
倉敷市児島下の町７丁目_5185,18,28,9.42408377,14.65968586
倉敷市児島下の町８丁目_5160,15,25,9.554140127,15.92356688
倉敷市児島下の町９丁目_5209,44,42,9.462365591,9.032258065
倉敷市児島元浜町_5273,18,38,4,8.444444444
倉敷市児島小川１０丁目_5146,30,67,5.586592179,12.47672253
倉敷市児島小川１丁目_5238,7,4,7,4
倉敷市児島小川２丁目_5228,11,11,8.088235294,8.088235294
倉敷市児島小川３丁目_5230,8,12,5.263157895,7.894736842
倉敷市児島小川４丁目_5207,48,59,7.272727273,8.939393939
倉敷市児島小川５丁目_5202,12,14,8.759124088,10.2189781
倉敷市児島小川６丁目_5192,16,18,10.06289308,11.32075472
倉敷市児島小川７丁目_5174,22,29,10.3286385,13.61502347
倉敷市児島小川８丁目_5147,29,21,11.64658635,8.43373494
倉敷市児島小川９丁目_5130,62,42,9.323308271,6.315789474
倉敷市児島小川町_5150,25,43,7.86163522,13.52201258
倉敷市児島小川町_5247,16,14,7.881773399,6.896551724
倉敷市児島上の町_5056,6,1,20.68965517,3.448275862
倉敷市児島上の町１丁目_5149,56,40,12.90322581,9.216589862
倉敷市児島上の町２丁目_5117,43,33,14.14473684,10.85526316
倉敷市児島上の町３丁目_5113,30,25,13.82488479,11.52073733
倉敷市児島上の町４丁目_5133,36,29,10.46511628,8.430232558
倉敷市児島赤崎_5285,1,0,10,0
倉敷市児島赤崎１丁目_5266,23,37,7.301587302,11.74603175
倉敷市児島赤崎２丁目_5279,24,25,10.48034934,10.91703057
倉敷市児島赤崎３丁目_5271,17,30,6.640625,11.71875
倉敷市児島赤崎４丁目_5255,26,31,9.558823529,11.39705882
倉敷市児島通生_5246,66,46,13.38742394,9.330628803
倉敷市児島田の口_5101,11,9,10.67961165,8.737864078
倉敷市児島田の口_5210,4,13,5.555555556,18.05555556
倉敷市児島田の口_5226,5,8,15.625,25
倉敷市児島田の口１丁目_5194,11,13,7.692307692,9.090909091
倉敷市児島田の口２丁目_5197,30,29,10.16949153,9.830508475
倉敷市児島田の口３丁目_5205,24,21,10.71428571,9.375
倉敷市児島田の口４丁目_5189,39,57,10.54054054,15.40540541
倉敷市児島田の口５丁目_5208,27,29,10.46511628,11.24031008
倉敷市児島田の口６丁目_5231,19,26,7.364341085,10.07751938
倉敷市児島田の口７丁目_5213,28,29,8.510638298,8.814589666
倉敷市児島唐琴１丁目_5229,20,18,15.50387597,13.95348837
倉敷市児島唐琴２丁目_5224,11,18,8.8,14.4
倉敷市児島唐琴３丁目_5233,32,31,13.33333333,12.91666667
倉敷市児島唐琴４丁目_5243,30,35,13.04347826,15.2173913
倉敷市児島唐琴町_5195,0,1,0,25
倉敷市児島白尾_5087,13,7,17.80821918,9.589041096
倉敷市児島稗田町_5006,182,148,9.342915811,7.597535934
倉敷市児島味野_5232,2,3,10,15
倉敷市児島味野_5259,0,4,0,7.692307692
倉敷市児島味野１丁目_5216,12,16,10.25641026,13.67521368
倉敷市児島味野２丁目_5237,10,25,5.464480874,13.66120219
倉敷市児島味野３丁目_5249,13,19,7.558139535,11.04651163
倉敷市児島味野４丁目_5252,22,27,10.09174312,12.3853211
倉敷市児島味野５丁目_5235,22,30,9.777777778,13.33333333
倉敷市児島味野６丁目_5234,24,33,11.94029851,16.41791045
倉敷市児島味野山田町_5221,1,2,3.846153846,7.692307692
倉敷市児島味野上１丁目_5204,6,13,6.818181818,14.77272727
倉敷市児島味野上２丁目_5184,13,12,11.9266055,11.00917431
倉敷市児島味野城１丁目_5217,10,16,9.803921569,15.68627451
倉敷市児島味野城２丁目_5227,24,31,10.08403361,13.02521008
倉敷市児島味野城山_5193,2,3,16.66666667,25
倉敷市児島柳田町_5078,168,129,11.17021277,8.57712766
倉敷市児島由加_4979,20,13,22.72727273,14.77272727
倉敷市酒津_4142,106,121,8.128834356,9.279141104
倉敷市寿町_4452,16,33,5.94795539,12.26765799
倉敷市庄新町_3582,65,41,8.563899868,5.401844532
倉敷市昭和１丁目_4444,13,34,3.869047619,10.11904762
倉敷市昭和２丁目_4460,10,19,5,9.5
倉敷市松江１丁目_4971,4,9,5.128205128,11.53846154
倉敷市松江２丁目_4993,4,7,6.25,10.9375
倉敷市松江３丁目_5008,9,5,14.0625,7.8125
倉敷市松江４丁目_4975,8,6,10.52631579,7.894736842
倉敷市松島_4077,58,93,3.190319032,5.115511551
倉敷市上東_3771,103,88,6.315144083,5.395462906
倉敷市上富井_4598,77,69,5.303030303,4.752066116
倉敷市新倉敷駅前１丁目_4678,8,21,3.333333333,8.75
倉敷市新倉敷駅前２丁目_4665,0,6,0,7.228915663
倉敷市新倉敷駅前３丁目_4670,12,6,6.153846154,3.076923077
倉敷市新倉敷駅前４丁目_4686,8,6,4.733727811,3.550295858
倉敷市新倉敷駅前５丁目_4687,11,8,3.125,2.272727273
倉敷市新田_4586,114,112,6.674473068,6.557377049
倉敷市真備町岡田桜西_3763,6,2,23.07692308,7.692307692
倉敷市真備町岡田桜東_3719,3,0,20,0
倉敷市真備町岡田山之谷_3685,11,0,28.20512821,0
倉敷市真備町岡田山之谷東下_3703,3,0,27.27272727,0
倉敷市真備町岡田上町_3887,12,11,11.32075472,10.37735849
倉敷市真備町岡田新森_3807,2,0,16.66666667,0
倉敷市真備町岡田新町_3953,11,5,14.66666667,6.666666667
倉敷市真備町岡田新町南_3939,10,3,14.70588235,4.411764706
倉敷市真備町岡田西之床_3915,5,1,7.462686567,1.492537313
倉敷市真備町岡田大池新田_3902,6,0,15.38461538,0
倉敷市真備町岡田大池東_3898,8,5,16,10
倉敷市真備町岡田内沼_3892,4,2,6.349206349,3.174603175
倉敷市真備町岡田馬場_3852,6,3,12,6
倉敷市真備町下二万外和崎_4234,8,2,38.0952381,9.523809524
倉敷市真備町下二万山崎_4242,4,1,30.76923077,7.692307692
倉敷市真備町下二万松尾_4217,7,2,43.75,12.5
倉敷市真備町下二万勢亡_4307,2,0,15.38461538,0
倉敷市真備町下二万西谷_4197,7,1,22.58064516,3.225806452
倉敷市真備町下二万端_4186,10,6,26.31578947,15.78947368
倉敷市真備町下二万坪田_4163,11,5,18.33333333,8.333333333
倉敷市真備町下二万内出_4230,3,0,27.27272727,0
倉敷市真備町下二万南_4256,5,2,45.45454545,18.18181818
倉敷市真備町市場下田口_3832,9,2,20.93023256,4.651162791
倉敷市真備町市場下田中_3889,10,2,15.625,3.125
倉敷市真備町市場見瀬_3692,8,2,20.51282051,5.128205128
倉敷市真備町市場嵯峨野_3676,12,3,14.11764706,3.529411765
倉敷市真備町市場砂走_3649,16,3,22.53521127,4.225352113
倉敷市真備町市場四十二_3675,4,2,14.28571429,7.142857143
倉敷市真備町市場狩砂_3880,10,2,17.85714286,3.571428571
倉敷市真備町市場上田口_3846,3,0,23.07692308,0
倉敷市真備町市場上田中_3848,2,0,16.66666667,0
倉敷市真備町市場中筋_3817,5,3,15.625,9.375
倉敷市真備町市場平山南_3847,4,1,13.79310345,3.448275862
倉敷市真備町市場平山北_3830,2,1,3.703703704,1.851851852
倉敷市真備町市場別所_3578,8,2,18.60465116,4.651162791
倉敷市真備町上二万花会谷_4442,8,2,21.05263158,5.263157895
倉敷市真備町上二万萱原_4311,6,3,24,12
倉敷市真備町上二万金山_4395,3,1,21.42857143,7.142857143
倉敷市真備町上二万若葉台第１０区_4506,5,2,13.15789474,5.263157895
倉敷市真備町上二万若葉台第１１区_4490,2,1,10,5
倉敷市真備町上二万若葉台第１区_4478,2,3,8.695652174,13.04347826
倉敷市真備町上二万若葉台第２区_4473,4,2,12.5,6.25
倉敷市真備町上二万若葉台第３区_4487,4,6,8.695652174,13.04347826
倉敷市真備町上二万若葉台第４区_4488,2,2,6.896551724,6.896551724
倉敷市真備町上二万若葉台第５区_4468,5,2,17.85714286,7.142857143
倉敷市真備町上二万若葉台第６区_4505,1,3,2.857142857,8.571428571
倉敷市真備町上二万若葉台第７区_4498,3,0,6.818181818,0
倉敷市真備町上二万若葉台第８区_4481,3,1,8.823529412,2.941176471
倉敷市真備町上二万若葉台第９区_4511,7,4,17.5,10
倉敷市真備町上二万庄_4377,5,0,25,0
倉敷市真備町上二万勢亡_4281,5,1,15.15151515,3.03030303
倉敷市真備町上二万大上_4474,7,2,25.92592593,7.407407407
倉敷市真備町上二万大前_4457,5,2,26.31578947,10.52631579
倉敷市真備町上二万茶仁古_4513,1,0,6.666666667,0
倉敷市真備町上二万中村_4411,15,2,37.5,5
倉敷市真備町上二万木村_4392,7,3,15.2173913,6.52173913
倉敷市真備町川辺横町下_4025,7,3,12.5,5.357142857
倉敷市真備町川辺横町上_4010,4,1,13.33333333,3.333333333
倉敷市真備町川辺外神楽_3986,11,7,9.090909091,5.785123967
倉敷市真備町川辺宮の西_3970,3,4,9.677419355,12.90322581
倉敷市真備町川辺宮の前_3988,1,3,2.222222222,6.666666667
倉敷市真備町川辺古宮_4030,6,3,8.695652174,4.347826087
倉敷市真備町川辺糸田_4053,16,2,17.39130435,2.173913043
倉敷市真備町川辺新田第１_4050,9,4,8.411214953,3.738317757
倉敷市真備町川辺新田第２_4039,9,6,8.737864078,5.825242718
倉敷市真備町川辺新田中_4078,11,1,12.79069767,1.162790698
倉敷市真備町川辺新田東_3931,7,5,9.589041096,6.849315068
倉敷市真備町川辺新田東北_4055,2,0,13.33333333,0
倉敷市真備町川辺新田南_4112,3,1,10.34482759,3.448275862
倉敷市真備町川辺西町東_4000,1,1,7.692307692,7.692307692
倉敷市真備町川辺前場_4015,11,2,14.28571429,2.597402597
倉敷市真備町川辺中曽_4051,5,3,5.952380952,3.571428571
倉敷市真備町川辺中町_4004,1,3,3.846153846,11.53846154
倉敷市真備町川辺辻尾_4008,3,1,18.75,6.25
倉敷市真備町川辺東町_3933,14,11,11.57024793,9.090909091
倉敷市真備町川辺東町中_4002,0,0,0,0
倉敷市真備町川辺美濃町_4009,4,5,7.142857143,8.928571429
倉敷市真備町川辺門田_3956,9,3,19.14893617,6.382978723
倉敷市真備町川辺門田西_3973,2,0,13.33333333,0
倉敷市真備町箭田ひばり_4212,1,0,5.555555556,0
倉敷市真備町箭田旭町_4129,4,5,5.970149254,7.462686567
倉敷市真備町箭田旭町２区_4110,6,4,18.18181818,12.12121212
倉敷市真備町箭田旭町３区_4120,1,1,20,20
倉敷市真備町箭田旭町南_4111,7,6,12.72727273,10.90909091
倉敷市真備町箭田旭町北_4096,3,1,8.823529412,2.941176471
倉敷市真備町箭田井領_4219,6,1,28.57142857,4.761904762
倉敷市真備町箭田栄町_4155,11,7,11.2244898,7.142857143
倉敷市真備町箭田遠田_4298,3,1,33.33333333,11.11111111
倉敷市真備町箭田王子_4038,5,4,13.15789474,10.52631579
倉敷市真備町箭田境_3980,16,4,25.80645161,6.451612903
倉敷市真備町箭田桑の市_4140,1,0,33.33333333,0
倉敷市真備町箭田元田_4169,4,5,9.523809524,11.9047619
倉敷市真備町箭田古森_4224,3,4,10.71428571,14.28571429
倉敷市真備町箭田後田_4209,9,6,16.98113208,11.32075472
倉敷市真備町箭田所生_4293,4,0,28.57142857,0
倉敷市真備町箭田小林_4174,3,6,16.66666667,33.33333333
倉敷市真備町箭田松尾_4291,3,1,37.5,12.5
倉敷市真備町箭田大曲_4101,12,5,12.90322581,5.376344086
倉敷市真備町箭田中学北_4150,3,2,6.666666667,4.444444444
倉敷市真備町箭田中学北第３_4154,8,4,26.66666667,13.33333333
倉敷市真備町箭田中須賀_4138,5,5,9.259259259,9.259259259
倉敷市真備町箭田中須賀東_4132,6,3,12.76595745,6.382978723
倉敷市真備町箭田昼田_3997,1,0,20,0
倉敷市真備町箭田坪田後_4151,9,5,10.34482759,5.747126437
倉敷市真備町箭田田中_4162,11,6,14.86486486,8.108108108
倉敷市真備町箭田土師谷下_4149,6,4,23.07692308,15.38461538
倉敷市真備町箭田土師谷中_4105,9,6,11.11111111,7.407407407
倉敷市真備町箭田土師谷東下_4146,3,3,13.63636364,13.63636364
倉敷市真備町箭田土師谷東上_4100,10,6,18.86792453,11.32075472
倉敷市真備町箭田土手西_4180,3,3,9.090909091,9.090909091
倉敷市真備町箭田土手東_4167,4,4,8.888888889,8.888888889
倉敷市真備町箭田内場_4165,6,4,9.836065574,6.557377049
倉敷市真備町箭田鍋屋_4214,8,1,27.5862069,3.448275862
倉敷市真備町箭田半田_4092,9,3,20.45454545,6.818181818
倉敷市真備町箭田半田東_3952,4,1,26.66666667,6.666666667
倉敷市真備町箭田反古_4399,3,3,33.33333333,33.33333333
倉敷市真備町箭田福原_4278,11,3,33.33333333,9.090909091
倉敷市真備町箭田平田_4191,3,5,7.317073171,12.19512195
倉敷市真備町箭田矢砂_3944,15,4,27.77777778,7.407407407
倉敷市真備町辻田蒲池_3912,6,6,12.5,12.5
倉敷市真備町辻田旧森_3894,6,2,35.29411765,11.76470588
倉敷市真備町辻田古屋敷_3883,12,3,16.90140845,4.225352113
倉敷市真備町辻田五反田西_3825,0,0,0,0
倉敷市真備町辻田向畑_3874,4,1,8.333333333,2.083333333
倉敷市真備町辻田高下田_3987,0,1,0,5.882352941
倉敷市真備町辻田市川_3840,4,4,21.05263158,21.05263158
倉敷市真備町辻田森_3947,4,4,5.405405405,5.405405405
倉敷市真備町辻田西之床_3905,8,5,8.163265306,5.102040816
倉敷市真備町辻田西之谷_3718,4,0,20,0
倉敷市真備町辻田谷_3738,6,3,11.53846154,5.769230769
倉敷市真備町辻田池田_3693,5,5,15.625,15.625
倉敷市真備町辻田中縄手_3801,11,4,11.11111111,4.04040404
倉敷市真備町辻田堂応寺_3784,7,1,35,5
倉敷市真備町辻田北沼_3842,10,5,16.66666667,8.333333333
倉敷市真備町尾崎角_4181,7,6,12.28070175,10.52631579
倉敷市真備町尾崎原田_4213,12,10,11.88118812,9.900990099
倉敷市真備町尾崎黒宮_4221,12,1,16.66666667,1.388888889
倉敷市真備町尾崎坂根_4074,3,3,9.090909091,9.090909091
倉敷市真備町尾崎瀬戸_4109,4,3,12.12121212,9.090909091
倉敷市真備町尾崎西開_4036,11,4,19.64285714,7.142857143
倉敷市真備町尾崎石田_4119,9,5,16.07142857,8.928571429
倉敷市真備町尾崎東谷_4121,5,3,13.51351351,8.108108108
倉敷市真備町服部遠田_4297,1,1,11.11111111,11.11111111
倉敷市真備町服部沖_4268,3,4,9.375,12.5
倉敷市真備町服部関屋_4323,5,3,26.31578947,15.78947368
倉敷市真備町服部久能_4338,5,3,19.23076923,11.53846154
倉敷市真備町服部金谷_4317,5,0,19.23076923,0
倉敷市真備町服部山手_4314,0,2,0,33.33333333
倉敷市真備町服部新田_4272,8,4,23.52941176,11.76470588
倉敷市真備町服部滝岩_4380,1,0,25,0
倉敷市真備町服部谷本_4359,6,1,18.18181818,3.03030303
倉敷市真備町服部八高_4287,4,2,16,8
倉敷市真備町妹井ノ口_4279,13,5,24.52830189,9.433962264
倉敷市真備町妹猿掛_4325,3,2,21.42857143,14.28571429
倉敷市真備町妹大武_3936,16,4,20.77922078,5.194805195
倉敷市真備町妹池ノ上_3924,22,4,26.19047619,4.761904762
倉敷市真備町妹池田_4040,11,3,21.56862745,5.882352941
倉敷市真備町妹妹山_4240,3,4,14.28571429,19.04761905
倉敷市真備町有井下有井_4042,9,4,9.278350515,4.12371134
倉敷市真備町有井丸山_4143,10,1,50,5
倉敷市真備町有井黒ケ鼻_4058,9,1,12.5,1.388888889
倉敷市真備町有井小山_4011,16,4,25,6.25
倉敷市真備町有井上有井_3982,16,6,20,7.5
倉敷市真備町有井諏訪_4043,5,3,7.462686567,4.47761194
倉敷市真備町有井石ケ坪_4031,1,1,5.882352941,5.882352941
倉敷市真備町有井浅野東_3969,13,7,14.44444444,7.777777778
倉敷市真備町有井大日_4052,9,2,18.36734694,4.081632653
倉敷市真備町有井片田_4021,8,5,10.12658228,6.329113924
倉敷市真備町有井防田_4088,3,1,20,6.666666667
倉敷市真備町有井和田_3984,10,4,15.87301587,6.349206349
倉敷市神田１丁目_4844,19,27,3.429602888,4.873646209
倉敷市神田２丁目_4812,25,30,5.605381166,6.726457399
倉敷市神田３丁目_4799,15,32,3.355704698,7.158836689
倉敷市神田４丁目_4791,14,12,8.333333333,7.142857143
倉敷市水江_4330,172,110,9.090909091,5.813953488
倉敷市水島高砂町_4889,3,11,2.189781022,8.02919708
倉敷市水島西栄町_4829,10,21,4.694835681,9.85915493
倉敷市水島西寿町_4770,6,14,7.228915663,16.86746988
倉敷市水島西常盤町_4859,5,11,4.587155963,10.09174312
倉敷市水島西千鳥町_4897,6,20,3.571428571,11.9047619
倉敷市水島西通１丁目_4930,2,0,6.25,0
倉敷市水島西弥生町_4796,13,36,5.284552846,14.63414634
倉敷市水島青葉町_4853,7,16,6.542056075,14.95327103
倉敷市水島川崎通_4792,15,16,11.27819549,12.03007519
倉敷市水島相生町_4736,23,29,8.156028369,10.28368794
倉敷市水島中通１丁目_4931,0,1,0,20
倉敷市水島東栄町_4833,8,17,6.451612903,13.70967742
倉敷市水島東寿町_4771,5,13,6.25,16.25
倉敷市水島東常盤町_4863,9,25,4.712041885,13.08900524
倉敷市水島東千鳥町_4904,7,19,5.185185185,14.07407407
倉敷市水島東川町_4746,9,16,5.806451613,10.32258065
倉敷市水島東弥生町_4801,15,33,7.614213198,16.75126904
倉敷市水島南亀島町_4914,20,27,6.779661017,9.152542373
倉敷市水島南幸町_4836,10,23,4.587155963,10.55045872
倉敷市水島南春日町_4808,11,28,7.006369427,17.8343949
倉敷市水島南瑞穂町_4785,10,23,6.369426752,14.64968153
倉敷市水島南緑町_4772,9,24,4.918032787,13.1147541
倉敷市水島福崎町_4940,1,4,3.03030303,12.12121212
倉敷市水島北亀島町_4884,7,25,3.349282297,11.96172249
倉敷市水島北幸町_4823,1,11,0.952380952,10.47619048
倉敷市水島北春日町_4788,8,23,4.571428571,13.14285714
倉敷市水島北瑞穂町_4759,6,17,4.285714286,12.14285714
倉敷市水島北緑町_4761,10,16,6.711409396,10.73825503
倉敷市水島明神町_4875,8,6,5.517241379,4.137931034
倉敷市生坂_3961,94,43,13.00138313,5.947441217
倉敷市西阿知町_4494,204,169,8.747855918,7.246998285
倉敷市西阿知町新田_4633,49,40,7.765451664,6.339144216
倉敷市西阿知町西原_4520,131,92,8.821548822,6.195286195
倉敷市西岡_4247,49,61,6.777316736,8.437067773
倉敷市西坂_3968,85,62,9.792626728,7.142857143
倉敷市西中新田_4601,68,93,5.00736377,6.848306333
倉敷市西田_4527,45,18,12.78409091,5.113636364
倉敷市西尾_3709,18,8,13.33333333,5.925925926
倉敷市西富井_4634,54,79,3.868194842,5.659025788
倉敷市青江_4344,19,39,4.068522484,8.35117773
倉敷市石見町_4500,9,22,3.829787234,9.361702128
倉敷市川西町_4516,18,47,6.40569395,16.72597865
倉敷市川入_4393,56,90,5.090909091,8.181818182
倉敷市浅原_3963,26,20,14.94252874,11.49425287
倉敷市船倉町_4559,8,27,7.142857143,24.10714286
倉敷市船穂町水江堅盤谷_4449,13,6,22.80701754,10.52631579
倉敷市船穂町水江又串_4508,35,20,23.97260274,13.69863014
倉敷市船穂町船穂_4605,0,0,0,0
倉敷市船穂町船穂沖_4615,5,7,7.692307692,10.76923077
倉敷市船穂町船穂下鳥向_4604,20,6,20.2020202,6.060606061
倉敷市船穂町船穂橋本_4574,7,8,10.29411765,11.76470588
倉敷市船穂町船穂鶏尾_4555,29,7,25.89285714,6.25
倉敷市船穂町船穂元組，外開_4587,13,8,15.11627907,9.302325581
倉敷市船穂町船穂元組_4593,20,7,13.07189542,4.575163399
倉敷市船穂町船穂市場_4560,11,5,23.91304348,10.86956522
倉敷市船穂町船穂上鳥向，元組_4610,17,4,15.17857143,3.571428571
倉敷市船穂町船穂西之谷_4538,17,8,19.1011236,8.988764045
倉敷市船穂町船穂前谷_4578,12,2,26.66666667,4.444444444
倉敷市船穂町船穂大舟尾_4583,28,8,16.1849711,4.624277457
倉敷市船穂町船穂中山，千行_4552,5,6,12.5,15
倉敷市船穂町船穂中新田，沖_4625,42,29,10.76923077,7.435897436
倉敷市船穂町船穂長崎，大舟尾_4602,12,2,15.18987342,2.53164557
倉敷市船穂町船穂田之内_4579,2,4,8.695652174,17.39130435
倉敷市船穂町船穂東北谷_4543,8,1,36.36363636,4.545454545
倉敷市船穂町船穂稗塚，水門_4589,15,11,14.42307692,10.57692308
倉敷市船穂町船穂福島_4650,19,9,8.755760369,4.147465438
倉敷市船穂町船穂平石_4531,6,0,50,0
倉敷市船穂町船穂北谷_4540,19,4,26.02739726,5.479452055
倉敷市船穂町船穂北谷_4585,12,6,19.67213115,9.836065574
倉敷市船穂町柳井原_4252,32,16,21.05263158,10.52631579
倉敷市曽原_4830,41,19,16.07843137,7.450980392
倉敷市倉敷ハイツ_4609,17,16,7.234042553,6.808510638
倉敷市早高_4544,62,27,13.2196162,5.756929638
倉敷市帯高_4595,52,35,8.768971332,5.902192243
倉敷市大島_4396,46,88,3.80794702,7.284768212
倉敷市大内_4402,59,66,6.441048035,7.205240175
倉敷市大畠_5303,0,0,0,0
倉敷市大畠１丁目_5288,32,27,12.5984252,10.62992126
倉敷市大畠２丁目_5299,24,33,11.1627907,15.34883721
倉敷市茶屋町_4582,168,112,6.409767264,4.273178176
倉敷市茶屋町_4622,120,132,7.797270955,8.576998051
倉敷市茶屋町_4642,1,1,20,20
倉敷市茶屋町早沖_4526,138,68,11.29296236,5.564648118
倉敷市中央１丁目_4542,17,37,8.252427184,17.96116505
倉敷市中央２丁目_4545,15,44,6.276150628,18.41004184
倉敷市中庄_4196,155,285,3.851888668,7.08250497
倉敷市中庄_4320,33,60,6.860706861,12.47401247
倉敷市中庄_4363,7,10,7.52688172,10.75268817
倉敷市中庄団地_4335,27,121,3.400503778,15.23929471
倉敷市中畝１０丁目_4872,12,16,5.882352941,7.843137255
倉敷市中畝１丁目_4945,10,23,4.405286344,10.13215859
倉敷市中畝２丁目_4933,18,39,4.603580563,9.974424552
倉敷市中畝３丁目_4910,18,42,4.851752022,11.32075472
倉敷市中畝４丁目_4885,18,49,4,10.88888889
倉敷市中畝５丁目_4867,20,49,5.333333333,13.06666667
倉敷市中畝６丁目_4950,12,12,15,15
倉敷市中畝７丁目_4942,9,20,3.272727273,7.272727273
倉敷市中畝８丁目_4920,14,15,5.263157895,5.639097744
倉敷市中畝９丁目_4893,8,16,3.96039604,7.920792079
倉敷市中帯江_4423,43,26,13.19018405,7.975460123
倉敷市中島_4571,160,166,6.346687822,6.584688616
倉敷市中島_4607,197,172,5.975128905,5.216863816
倉敷市潮通３丁目_5033,0,1,0,10
倉敷市鳥羽_4205,44,57,4.462474645,5.780933063
倉敷市鶴の浦１丁目_4725,17,25,2.31292517,3.401360544
倉敷市鶴の浦２丁目_4779,3,5,1.851851852,3.086419753
倉敷市鶴の浦３丁目_4757,6,6,2.135231317,2.135231317
倉敷市鶴形１丁目_4501,13,39,3.475935829,10.42780749
倉敷市鶴形２丁目_4514,6,23,4.6875,17.96875
倉敷市天城台１丁目_4647,13,12,10.48387097,9.677419355
倉敷市天城台２丁目_4658,5,7,4.716981132,6.603773585
倉敷市天城台３丁目_4651,9,9,6.293706294,6.293706294
倉敷市天城台４丁目_4641,10,12,6.849315068,8.219178082
倉敷市田ノ上_4572,48,58,5.804111245,7.013301088
倉敷市田ノ上新町_4600,1,4,1.234567901,4.938271605
倉敷市東町_4536,7,16,4.545454545,10.38961039
倉敷市東塚１丁目_4951,13,12,7.738095238,7.142857143
倉敷市東塚２丁目_4943,17,24,6.343283582,8.955223881
倉敷市東塚３丁目_4913,30,44,5.555555556,8.148148148
倉敷市東塚４丁目_4877,22,25,4.899777283,5.567928731
倉敷市東塚５丁目_4907,21,14,7.023411371,4.682274247
倉敷市東塚６丁目_4944,14,9,8.695652174,5.590062112
倉敷市東塚７丁目_4953,9,10,5.421686747,6.024096386
倉敷市東富井_4629,38,42,4.008438819,4.430379747
倉敷市東粒浦_4664,30,19,9.584664537,6.07028754
倉敷市藤戸町天城_4632,136,130,8.607594937,8.227848101
倉敷市藤戸町藤戸_4676,74,43,10.33519553,6.005586592
倉敷市徳芳_4164,67,86,5.716723549,7.337883959
倉敷市南畝１丁目_4952,3,5,5.555555556,9.259259259
倉敷市南畝２丁目_4954,2,10,2.06185567,10.30927835
倉敷市南畝３丁目_4955,10,24,4,9.6
倉敷市南畝５丁目_4956,10,20,5.025125628,10.05025126
倉敷市南畝６丁目_4968,7,13,7.142857143,13.26530612
倉敷市南畝７丁目_4970,5,8,7.462686567,11.94029851
倉敷市南町_4561,11,52,3.313253012,15.6626506
倉敷市二子_3865,38,45,5.039787798,5.968169761
倉敷市二日市_4549,34,45,7.798165138,10.32110092
倉敷市日ノ出町１丁目_4445,9,25,5.454545455,15.15151515
倉敷市日ノ出町２丁目_4405,15,35,5.338078292,12.45551601
倉敷市日吉町_4462,44,80,5.098493627,9.269988413
倉敷市日畑_3560,35,22,17.94871795,11.28205128
倉敷市白楽町_4576,55,156,3.507653061,9.948979592
倉敷市八王寺町_4466,41,58,5.64738292,7.988980716
倉敷市八軒屋_4631,13,9,7.878787879,5.454545455
倉敷市尾原_4973,19,18,11.80124224,11.18012422
倉敷市美和１丁目_4484,14,35,3.93258427,9.831460674
倉敷市美和２丁目_4517,6,17,4.580152672,12.97709924
倉敷市浜ノ茶屋_4368,13,26,5.2,10.4
倉敷市浜ノ茶屋１丁目_4382,23,56,4.423076923,10.76923077
倉敷市浜ノ茶屋２丁目_4378,9,30,3.383458647,11.27819549
倉敷市浜町１丁目_4412,15,38,3.787878788,9.595959596
倉敷市浜町２丁目_4400,21,43,4.646017699,9.513274336
倉敷市福井_4654,69,65,6.436567164,6.063432836
倉敷市福江_4894,49,39,8.990825688,7.155963303
倉敷市福田町浦田_4673,77,69,8.139534884,7.293868922
倉敷市福田町古新田_4752,202,139,8.650963597,5.952890792
倉敷市福田町東塚_4881,1,1,33.33333333,33.33333333
倉敷市福田町福田_4732,67,57,8.78112713,7.47051114
倉敷市福島_4385,91,114,5.202973128,6.518010292
倉敷市平田_4310,82,83,6.386292835,6.464174455
倉敷市片島町_4617,100,50,9.199632015,4.599816007
倉敷市北畝１丁目_4839,32,85,4.584527221,12.17765043
倉敷市北畝２丁目_4811,27,65,5.636743215,13.56993737
倉敷市北畝３丁目_4740,24,37,8.30449827,12.80276817
倉敷市北畝４丁目_4847,26,31,6.074766355,7.242990654
倉敷市北畝５丁目_4825,44,41,7.224958949,6.732348112
倉敷市北畝６丁目_4794,35,51,5.124450952,7.467057101
倉敷市北畝７丁目_4747,18,12,7.894736842,5.263157895
倉敷市北浜町_4407,30,48,7.894736842,12.63157895
倉敷市堀南_4628,34,43,3.317073171,4.195121951
倉敷市本町_4532,8,55,3.265306122,22.44897959
倉敷市木見_4855,50,37,12.28501229,9.090909091
倉敷市矢部_3510,29,20,15.26315789,10.52631579
倉敷市有城_4630,48,30,9.87654321,6.172839506
倉敷市祐安_4264,12,11,8.510638298,7.80141844
倉敷市粒浦_4643,76,41,11.93092622,6.436420722
倉敷市粒江_4679,78,45,11.25541126,6.493506494
倉敷市粒江団地_4683,15,35,5.703422053,13.30798479
倉敷市林_4784,172,116,11.37566138,7.671957672
倉敷市連島１丁目_4773,22,33,6.626506024,9.939759036
倉敷市連島２丁目_4754,18,40,5.325443787,11.83431953
倉敷市連島３丁目_4734,10,9,8.547008547,7.692307692
倉敷市連島４丁目_4733,4,5,5.970149254,7.462686567
倉敷市連島５丁目_4738,8,10,6.153846154,7.692307692
倉敷市連島中央１丁目_4767,12,17,3.560830861,5.044510386
倉敷市連島中央２丁目_4750,14,16,7.446808511,8.510638298
倉敷市連島中央３丁目_4753,20,15,8.097165992,6.072874494
倉敷市連島中央４丁目_4760,14,22,4.444444444,6.984126984
倉敷市連島中央５丁目_4766,33,29,6.818181818,5.991735537
倉敷市連島町亀島新田_4742,5,4,11.36363636,9.090909091
倉敷市連島町亀島新田_4749,18,20,8.612440191,9.56937799
倉敷市連島町西之浦_4657,139,163,6.379072969,7.48049564
倉敷市連島町鶴新田_4768,259,176,7.498552403,5.095541401
倉敷市連島町鶴新田_4838,5,6,6.329113924,7.594936709
倉敷市連島町鶴新田_4901,3,1,6.52173913,2.173913043
倉敷市連島町矢柄_4653,56,60,8.045977011,8.620689655
倉敷市連島町連島_4644,206,193,7.847619048,7.352380952
倉敷市連島町連島_4685,5,4,3.816793893,3.053435115
倉敷市老松町１丁目_4518,21,29,5.93220339,8.192090395
倉敷市老松町２丁目_4529,9,24,3.879310345,10.34482759
倉敷市老松町３丁目_4535,26,64,5.252525253,12.92929293
倉敷市老松町４丁目_4553,25,46,4.854368932,8.932038835
倉敷市老松町５丁目_4548,15,18,4.934210526,5.921052632
早島町若宮_4328,34,34,6.85483871,6.85483871
早島町前潟下前潟_4467,6,4,12.24489796,8.163265306
早島町前潟久々原_4530,7,4,13.7254902,7.843137255
早島町前潟三軒地_4547,4,2,18.18181818,9.090909091
早島町前潟舟本_4493,31,23,12.15686275,9.019607843
早島町前潟前潟_4454,58,34,11.76470588,6.896551724
早島町前潟片田、舟本の一部_4502,3,1,15,5
早島町早島_4349,11,7,10,6.363636364
早島町早島ニュー早島_4384,9,1,9.782608696,1.086956522
早島町早島噂島_4446,12,12,12.5,12.5
早島町早島塩地_4409,9,12,10.97560976,14.63414634
早島町早島塩津_4417,24,11,11.70731707,5.365853659
早島町早島下野，金田の一部_4453,2,0,16.66666667,0
早島町早島下野_4504,8,1,24.24242424,3.03030303
早島町早島花町、市場の一部_4471,0,1,0,8.333333333
早島町早島花町_4475,1,2,9.090909091,18.18181818
早島町早島宮崎，長津の一部_4483,6,3,16.21621622,8.108108108
早島町早島宮崎_4509,17,9,12.68656716,6.71641791
早島町早島金田_4387,24,13,20.86956522,11.30434783
早島町早島市場_4424,27,19,10.03717472,7.063197026
早島町早島小浜_4486,0,1,0,16.66666667
早島町早島小浜の一部_4480,1,0,14.28571429,0
早島町早島西真磯_4416,4,5,7.547169811,9.433962264
早島町早島大池_4379,13,4,11.01694915,3.389830508
早島町早島中山_4355,7,7,5.035971223,5.035971223
早島町早島中真磯_4406,8,7,7.407407407,6.481481481
早島町早島長津_4440,39,24,15.72580645,9.677419355
早島町早島東真磯_4404,3,5,6.976744186,11.62790698
早島町早島頓行、塩地の一部_4429,4,2,9.523809524,4.761904762
早島町早島頓行、花町の一部_4439,11,6,18.6440678,10.16949153
早島町早島頓行、小浜の一部_4464,3,1,18.75,6.25
早島町早島日笠山_4319,13,8,11.60714286,7.142857143
早島町早島畑岡_4410,9,5,16.07142857,8.928571429
早島町早島備南台_4367,9,6,9.89010989,6.593406593
早島町早島片田_4495,14,3,15.2173913,3.260869565
早島町早島弁才天_4512,8,4,12.30769231,6.153846154
早島町早島無津_4376,25,12,17.12328767,8.219178082
早島町早島矢尾の一部_4336,1,2,3.846153846,7.692307692
早島町矢尾上矢尾_4259,4,1,20,5
早島町矢尾新屋敷，本村の一部_4202,12,8,12.24489796,8.163265306
早島町矢尾二軒屋_4277,5,1,12.5,2.5
早島町矢尾本村_4315,7,0,28,0
総社市井手_3287,15,11,6.787330317,4.977375566
総社市井手_3304,21,17,5.084745763,4.11622276
総社市井手_3352,15,17,9.375,10.625
総社市井手_3361,0,0,0,0
総社市井手_3387,19,19,7.116104869,7.116104869
総社市井手_3417,22,11,14.37908497,7.189542484
総社市井尻野_3052,25,7,22.93577982,6.422018349
総社市井尻野_3133,36,23,8.352668213,5.336426914
総社市井尻野_3239,28,16,10.29411765,5.882352941
総社市井尻野_3264,20,8,11.29943503,4.519774011
総社市宇山_2839,0,2,0,50
総社市影_2896,4,3,14.28571429,10.71428571
総社市影_2900,1,1,25,25
総社市駅前１丁目_3380,11,24,4.824561404,10.52631579
総社市駅前２丁目_3432,11,19,4.824561404,8.333333333
総社市延原_2672,2,4,14.28571429,28.57142857
総社市奥坂_2835,2,3,16.66666667,25
総社市奥坂_2910,14,3,32.55813953,6.976744186
総社市岡谷_3597,16,4,17.39130435,4.347826087
総社市岡谷_3701,12,2,17.14285714,2.857142857
総社市岡谷_3708,22,4,32.8358209,5.970149254
総社市下原_3547,5,2,12.82051282,5.128205128
総社市下原_3642,28,12,16.56804734,7.100591716
総社市下倉_2928,5,14,11.62790698,32.55813953
総社市下倉_2936,13,7,27.65957447,14.89361702
総社市下倉_2937,8,4,20,10
総社市下倉_2963,9,5,23.68421053,13.15789474
総社市下倉_3001,9,5,25,13.88888889
総社市下林_3268,2,3,12.5,18.75
総社市下林_3286,7,3,20.58823529,8.823529412
総社市下林_3377,4,1,12.12121212,3.03030303
総社市久代_3104,0,1,0,20
総社市久代_3163,6,2,12.76595745,4.255319149
総社市久代_3169,11,1,22,2
総社市久代_3181,20,9,22.98850575,10.34482759
総社市久代_3193,19,7,29.23076923,10.76923077
総社市久代_3247,64,8,12.03007519,1.503759398
総社市久代_3269,19,4,21.34831461,4.494382022
総社市久代_3316,23,9,27.38095238,10.71428571
総社市久代_3328,9,4,13.84615385,6.153846154
総社市久代_3422,10,7,24.3902439,17.07317073
総社市久代_3424,6,2,26.08695652,8.695652174
総社市久代_3425,18,6,29.03225806,9.677419355
総社市久代_3435,1,1,25,25
総社市久代_3475,14,4,36.84210526,10.52631579
総社市久米_2965,14,9,28.57142857,18.36734694
総社市久米_3038,15,2,28.84615385,3.846153846
総社市久米_3088,18,5,30.50847458,8.474576271
総社市金井戸_3214,11,8,13.92405063,10.12658228
総社市金井戸_3221,2,1,15.38461538,7.692307692
総社市窪木_3097,7,1,29.16666667,4.166666667
総社市窪木_3111,24,3,37.5,4.6875
総社市窪木_3207,25,10,24.03846154,9.615384615
総社市刑部_3077,7,1,29.16666667,4.166666667
総社市刑部_3178,11,7,17.1875,10.9375
総社市見延_2847,5,2,18.51851852,7.407407407
総社市見延_2866,9,5,29.03225806,16.12903226
総社市見延_2927,12,5,30.76923077,12.82051282
総社市見延_2967,9,7,22.5,17.5
総社市原_2776,2,1,15.38461538,7.692307692
総社市原_2833,36,21,18.27411168,10.65989848
総社市溝口_3317,29,27,7.341772152,6.835443038
総社市黒尾_2864,1,0,25,0
総社市黒尾_3033,27,12,17.8807947,7.947019868
総社市三須_3390,29,15,13.30275229,6.880733945
総社市三須_3400,13,3,46.42857143,10.71428571
総社市三須_3468,7,7,14.89361702,14.89361702
総社市三須_3471,22,15,9.401709402,6.41025641
総社市三輪_3507,62,34,9.226190476,5.05952381
総社市三輪_3555,43,19,16.28787879,7.196969697
総社市山田_3070,9,5,40.90909091,22.72727273
総社市山田_3152,10,5,30.3030303,15.15151515
総社市山田_3284,3,2,20,13.33333333
総社市山田_3285,9,1,17.64705882,1.960784314
総社市山田_3340,19,9,27.94117647,13.23529412
総社市山田_3397,13,3,26.53061224,6.12244898
総社市宍粟_2903,12,12,15.38461538,15.38461538
総社市宍粟_2989,6,2,26.08695652,8.695652174
総社市宍粟_2990,2,3,6.451612903,9.677419355
総社市種井_2761,3,4,5.769230769,7.692307692
総社市宿_3513,13,4,19.11764706,5.882352941
総社市宿_3577,13,8,18.30985915,11.26760563
総社市宿_3594,8,1,11.5942029,1.449275362
総社市宿_3596,11,1,24.44444444,2.222222222
総社市宿_3630,17,9,15.74074074,8.333333333
総社市小寺_3007,15,8,17.24137931,9.195402299
総社市小寺_3237,34,27,8.232445521,6.537530266
総社市小寺_3322,6,7,9.090909091,10.60606061
総社市上原_3373,29,5,12.7753304,2.202643172
総社市上林_3296,15,12,15.30612245,12.24489796
総社市上林_3321,3,2,8.571428571,5.714285714
総社市上林_3418,18,6,26.47058824,8.823529412
総社市上林_3458,1,1,9.090909091,9.090909091
総社市新本_3160,7,1,30.43478261,4.347826087
総社市新本_3333,11,7,22,14
総社市新本_3345,7,1,22.58064516,3.225806452
総社市新本_3389,7,3,30.43478261,13.04347826
総社市新本_3437,8,2,33.33333333,8.333333333
総社市新本_3453,19,9,24.67532468,11.68831169
総社市新本_3508,7,3,25.92592593,11.11111111
総社市新本_3540,15,5,27.27272727,9.090909091
総社市新本_3556,12,1,27.27272727,2.272727273
総社市新本_3562,6,1,23.07692308,3.846153846
総社市新本_3565,2,2,15.38461538,15.38461538
総社市新本_3573,10,5,29.41176471,14.70588235
総社市新本_3592,6,3,40,20
総社市新本_3603,3,1,15,5
総社市真壁_3360,41,37,9.213483146,8.314606742
総社市真壁_3449,13,8,11.30434783,6.956521739
総社市真壁_3452,35,38,4.385964912,4.761904762
総社市秦_3050,100,24,25.90673575,6.21761658
総社市秦_3057,0,4,0,33.33333333
総社市秦_3313,17,6,16.50485437,5.825242718
総社市清音柿木_3609,17,7,18.08510638,7.446808511
総社市清音柿木_3621,10,7,10.86956522,7.608695652
総社市清音柿木_3711,7,1,20.58823529,2.941176471
総社市清音柿木_3745,6,1,17.64705882,2.941176471
総社市清音柿木_3778,8,4,11.11111111,5.555555556
総社市清音柿木_3828,6,1,14.28571429,2.380952381
総社市清音柿木_3849,15,4,17.64705882,4.705882353
総社市清音柿木大原１_3735,8,5,10.81081081,6.756756757
総社市清音柿木大原２_3746,19,11,13.38028169,7.746478873
総社市清音軽部_3809,1,1,8.333333333,8.333333333
総社市清音軽部_3822,11,5,16.17647059,7.352941176
総社市清音軽部_3886,6,5,18.75,15.625
総社市清音軽部_3888,14,7,17.72151899,8.860759494
総社市清音軽部_3951,11,3,21.15384615,5.769230769
総社市清音軽部_4003,12,4,21.05263158,7.01754386
総社市清音古地_4082,13,4,26.53061224,8.163265306
総社市清音黒田_4062,5,3,18.51851852,11.11111111
総社市清音三因_3721,14,6,16.27906977,6.976744186
総社市清音三因_3743,13,3,22.80701754,5.263157895
総社市清音三因_3792,7,2,25.92592593,7.407407407
総社市清音三因_3829,5,1,17.24137931,3.448275862
総社市清音三因_3922,8,2,25.80645161,6.451612903
総社市清音上中島_3863,10,3,16.39344262,4.918032787
総社市清音上中島_3869,8,3,13.1147541,4.918032787
総社市清音上中島_3895,7,6,8.045977011,6.896551724
総社市清音上中島_3937,11,3,18.6440678,5.084745763
総社市清音上中島_3940,3,4,6.976744186,9.302325581
総社市清音上中島_3964,7,3,11.11111111,4.761904762
総社市清音上中島_3989,17,8,16.34615385,7.692307692
総社市西阿曽_2946,8,3,32,12
総社市西阿曽_2996,41,18,17.98245614,7.894736842
総社市西郡_3530,15,3,20.83333333,4.166666667
総社市西郡_3546,20,3,26.31578947,3.947368421
総社市西郡_3666,12,10,12.90322581,10.75268817
総社市西郡_3668,12,2,23.52941176,3.921568627
総社市西坂台_3960,25,8,11.84834123,3.791469194
総社市赤浜_3175,12,8,14.81481481,9.87654321
総社市赤浜_3200,10,9,23.80952381,21.42857143
総社市泉_3116,87,30,9.623893805,3.318584071
総社市泉_3171,8,7,9.090909091,7.954545455
総社市総社_3141,11,3,22,6
総社市総社_3199,13,7,8.496732026,4.575163399
総社市総社_3212,13,11,8.552631579,7.236842105
総社市総社_3256,7,10,11.86440678,16.94915254
総社市総社_3309,13,8,8.176100629,5.031446541
総社市総社_3359,6,6,7.792207792,7.792207792
総社市総社_3386,3,2,8.571428571,5.714285714
総社市総社１丁目_3354,21,28,6.796116505,9.061488673
総社市総社２丁目_3330,34,37,10.42944785,11.34969325
総社市総社３丁目_3315,32,28,10.81081081,9.459459459
総社市地頭片山_3619,20,4,19.23076923,3.846153846
総社市地頭片山_3641,13,2,18.30985915,2.816901408
総社市地頭片山_3689,16,3,27.5862069,5.172413793
総社市中央１丁目_3431,22,36,4.583333333,7.5
総社市中央２丁目_3383,16,27,5.882352941,9.926470588
総社市中央３丁目_3428,12,23,5.769230769,11.05769231
総社市中央４丁目_3420,28,28,8.333333333,8.333333333
総社市中央５丁目_3483,3,3,1.754385965,1.754385965
総社市中央６丁目_3494,14,17,3.899721448,4.735376045
総社市中原_3455,27,22,7.75862069,6.32183908
総社市中原_3566,18,9,9.090909091,4.545454545
総社市中原_3639,16,5,9.411764706,2.941176471
総社市中原_3645,10,7,12.34567901,8.641975309
総社市中尾_2806,1,2,11.11111111,22.22222222
総社市中尾_2863,6,2,31.57894737,10.52631579
総社市中尾_2886,6,8,15.78947368,21.05263158
総社市長良_3093,3,1,15,5
総社市長良_3114,37,17,27.40740741,12.59259259
総社市東阿曽_2881,16,8,20.51282051,10.25641026
総社市東阿曽_2933,2,3,16.66666667,25
総社市東阿曽_2968,6,4,20,13.33333333
総社市東阿曽_2976,14,9,17.28395062,11.11111111
総社市東阿曽_2992,4,2,11.76470588,5.882352941
総社市東阿曽_3021,11,2,22.44897959,4.081632653
総社市南溝手_3195,7,4,15.2173913,8.695652174
総社市南溝手_3249,11,7,14.66666667,9.333333333
総社市日羽_2794,15,6,28.30188679,11.32075472
総社市日羽_2882,9,1,18.75,2.083333333
総社市日羽_2885,10,5,19.23076923,9.615384615
総社市日羽_2952,12,5,33.33333333,13.88888889
総社市八代_3423,16,5,25.80645161,8.064516129
総社市美袋_2844,9,6,21.95121951,14.63414634
総社市美袋_2887,13,7,20,10.76923077
総社市美袋_2894,14,14,13.08411215,13.08411215
総社市美袋_2913,16,7,21.91780822,9.589041096
総社市美袋_2925,14,12,18.18181818,15.58441558
総社市富原_3461,40,16,18.34862385,7.339449541
総社市福井_3036,13,3,13.54166667,3.125
総社市福井_3119,7,2,22.58064516,6.451612903
総社市福井_3159,34,16,12.18637993,5.734767025
総社市福井_3275,19,14,6.810035842,5.017921147
総社市福谷_2982,11,4,21.56862745,7.843137255
総社市福谷_3017,13,6,23.63636364,10.90909091
総社市北溝手_3117,23,6,19.82758621,5.172413793
総社市北溝手_3211,3,1,18.75,6.25
総社市門田_3245,9,19,6.428571429,13.57142857
総社市門田_3251,38,47,8.11965812,10.04273504
総社市門田_3280,25,21,6.983240223,5.865921788
総社市門田_3308,3,6,6.818181818,13.63636364
総社市門田_3372,4,2,18.18181818,9.090909091
総社市槁_2646,0,0,0,0
総社市槇谷_2686,8,3,22.85714286,8.571428571
総社市槇谷_2736,14,5,31.11111111,11.11111111
総社市槇谷_2738,9,3,19.14893617,6.382978723
総社市槇谷_2747,3,2,27.27272727,18.18181818
総社市槇谷_2805,9,6,16.07142857,10.71428571
矢掛町宇角塚原，大唐田，中畦_3710,7,4,23.33333333,13.33333333
矢掛町宇角東谷，谷本_3702,8,6,25.80645161,19.35483871
矢掛町宇内金原，谷，天満_3945,10,4,22.22222222,8.888888889
矢掛町宇内原，大桜_4084,8,5,30.76923077,19.23076923
矢掛町宇内平矢，今石_3819,4,2,11.42857143,5.714285714
矢掛町横谷井三，平木，御土井，川原_4451,15,6,25.86206897,10.34482759
矢掛町横谷原，大渡，弥高_4489,8,4,28.57142857,14.28571429
矢掛町横谷原_4497,11,5,21.56862745,9.803921569
矢掛町横谷高田，長谷，西迫，畑_4352,7,3,20,8.571428571
矢掛町横谷長谷，慶知庵_4419,8,5,18.18181818,11.36363636
矢掛町横谷柏木_4519,6,4,18.18181818,12.12121212
矢掛町横谷平林，山根_4362,17,5,32.0754717,9.433962264
矢掛町下高末三ケ原_3518,2,5,13.33333333,33.33333333
矢掛町下高末城平，桜木，古頃下岡_3398,8,5,22.85714286,14.28571429
矢掛町下高末川東，上高階，平宇角_3574,13,8,25.49019608,15.68627451
矢掛町江良郷_4340,17,5,33.33333333,9.803921569
矢掛町江良山の神，八池_4353,18,4,31.57894737,7.01754386
矢掛町江良寺谷，奥山_4391,11,4,36.66666667,13.33333333
矢掛町江良片山，岡田_4327,12,5,28.57142857,11.9047619
矢掛町小田岩屋山，黒住_4433,8,5,17.0212766,10.63829787
矢掛町小田亀麓_4211,11,7,20.75471698,13.20754717
矢掛町小田熊林田_4312,3,3,12.5,12.5
矢掛町小田山の上_4114,2,4,12.5,25
矢掛町小田寺迫第１_4408,1,2,3.448275862,6.896551724
矢掛町小田寺迫第２_4456,3,2,20,13.33333333
矢掛町小田小田，西元町，東元町_4459,3,5,12,20
矢掛町小田上明神，下明神_4448,1,2,2.857142857,5.714285714
矢掛町小田中小田_4443,1,1,50,50
矢掛町小田中小田西_4381,18,7,23.07692308,8.974358974
矢掛町小田中小田東，中小田中_4337,10,5,29.41176471,14.70588235
矢掛町小田東町，大正町_4428,5,7,7.462686567,10.44776119
矢掛町小田日置谷第１，第２_4126,11,3,23.40425532,6.382978723
矢掛町小田八幡谷第１，第２_4188,9,6,29.03225806,19.35483871
矢掛町小田八幡谷第３，第４_4253,8,1,23.52941176,2.941176471
矢掛町小田有木谷_4418,14,6,22.22222222,9.523809524
矢掛町小林井出の手，湯田，鵜飼_3903,11,5,28.94736842,13.15789474
矢掛町小林岡本谷，能仁寺，河内城_3858,9,5,23.07692308,12.82051282
矢掛町小林市場，僧都，鷺田_4094,7,1,16.66666667,2.380952381
矢掛町小林西町_4225,5,6,17.24137931,20.68965517
矢掛町小林田町西，有楽町_4206,5,5,20,20
矢掛町小林峠，校の下_4095,3,7,7.317073171,17.07317073
矢掛町小林平和町_4177,7,11,10.60606061,16.66666667
矢掛町上高末羽無_3023,3,7,10.71428571,25
矢掛町上高末嘉戸，殿ケ市，頼正_3224,5,6,15.625,18.75
矢掛町上高末山口，奥田_3408,12,7,29.26829268,17.07317073
矢掛町上高末寺原，矢原，茶屋ケ鼻_3278,6,6,19.35483871,19.35483871
矢掛町上高末土井，久谷_3227,6,0,25,0
矢掛町西川面下三，奥山，正清，仏田_3928,6,4,18.18181818,12.12121212
矢掛町西川面清田井，川田_4087,15,5,38.46153846,12.82051282
矢掛町西川面西組，大鳥居_4288,13,6,24.52830189,11.32075472
矢掛町西川面石田，宮本_4152,13,3,23.21428571,5.357142857
矢掛町西川面東組，宇山_4215,6,3,24,12
矢掛町浅海宮ノ谷，田鶴_4425,12,4,31.57894737,10.52631579
矢掛町浅海山手_4477,8,7,25.80645161,22.58064516
矢掛町浅海大仁五_4403,4,0,28.57142857,0
矢掛町浅海日妻西，高柳_4438,12,4,27.27272727,9.090909091
矢掛町浅海日妻東_4434,12,3,32.43243243,8.108108108
矢掛町浅海毎戸_4374,5,1,13.15789474,2.631578947
矢掛町中江本_4441,11,3,27.5,7.5
矢掛町中城江_4426,14,4,33.33333333,9.523809524
矢掛町中中原_4356,17,6,26.15384615,9.230769231
矢掛町東三成吉野，大明地１_4192,8,6,14.81481481,11.11111111
矢掛町東三成行部西_4286,6,1,18.18181818,3.03030303
矢掛町東三成行部東_4208,13,4,31.70731707,9.756097561
矢掛町東三成市場，折坂_4166,10,5,20.40816327,10.20408163
矢掛町東三成新町団地，大明地２_4284,3,2,8.333333333,5.555555556
矢掛町東三成多和，東土井_4144,9,4,28.125,12.5
矢掛町東三成土井，多和，車谷_3935,13,2,37.14285714,5.714285714
矢掛町東三成東三成，谷川内，藤の棚_4068,14,3,26.92307692,5.769230769
矢掛町東川面郷_4127,15,5,20,6.666666667
矢掛町東川面向山，大恭_4269,20,7,28.16901408,9.85915493
矢掛町東川面第一，台_4158,22,9,22,9
矢掛町東川面田寺_4250,7,3,12.72727273,5.454545455
矢掛町東川面有森，高通_4236,15,8,15.78947368,8.421052632
矢掛町内田井ノ口，鳥越_3769,11,5,24.44444444,11.11111111
矢掛町内田下高階，古浦，古屋谷_3661,4,2,25,12.5
矢掛町内田空上，田渕，中谷，岡谷，_3493,4,9,12.90322581,29.03225806
矢掛町南山田広石，小迫_4515,13,9,28.26086957,19.56521739
矢掛町南山田上山，宇根_4562,13,5,26.53061224,10.20408163
矢掛町南山田神の脇_4541,12,4,30.76923077,10.25641026
矢掛町南山田南原，猪又_4573,12,10,19.67213115,16.39344262
矢掛町本堀上，中_4207,24,6,26.96629213,6.741573034
矢掛町本堀大井_4366,5,3,17.85714286,10.71428571
矢掛町本堀片山，石井_4274,12,2,33.33333333,5.555555556
矢掛町本堀六反_4331,21,6,37.5,10.71428571
矢掛町矢掛栄町，病院町_4141,11,9,12.64367816,10.34482759
矢掛町矢掛栄町_4137,8,3,16.32653061,6.12244898
矢掛町矢掛宮の下，東町東_4201,10,5,14.08450704,7.042253521
矢掛町矢掛金谷_4182,11,11,16.17647059,16.17647059
矢掛町矢掛胡町南，西町南_4244,4,3,14.81481481,11.11111111
矢掛町矢掛胡町北_4228,2,3,8,12
矢掛町矢掛若林西，江木_4117,7,5,15.55555556,11.11111111
矢掛町矢掛若林東，若林中_4018,11,2,25.58139535,4.651162791
矢掛町矢掛西町北_4233,0,0,0,0
矢掛町矢掛相生町_4198,3,1,12.5,4.166666667
矢掛町矢掛中町西北_4227,3,1,25,8.333333333
矢掛町矢掛中町南_4243,0,3,0,15.78947368
矢掛町矢掛中町北，上本町，金谷_4170,9,3,13.23529412,4.411764706
矢掛町矢掛田町東_4179,3,5,10,16.66666667
矢掛町矢掛東中町南東_4239,5,6,21.73913043,26.08695652
矢掛町矢掛東中町北_4229,2,3,11.11111111,16.66666667
矢掛町矢掛東町_4226,3,5,12.5,20.83333333
矢掛町矢掛東町_4237,3,3,9.090909091,9.090909091
矢掛町矢掛内神_3995,3,7,6.12244898,14.28571429
矢掛町矢掛尾崎，和田_4017,20,9,17.85714286,8.035714286
矢掛町矢掛堀_3914,16,8,14.15929204,7.079646018
矢掛町矢掛野呂_4076,4,4,9.302325581,9.302325581
矢掛町里山田下谷，三宅_4383,5,3,21.73913043,13.04347826
矢掛町里山田上谷_4421,11,5,22.91666667,10.41666667
矢掛町里山田清水谷_4347,4,3,11.76470588,8.823529412
矢掛町里山田池尻，橋本_4447,8,2,17.39130435,4.347826087
矢掛町里山田土井，畑ケ中_4261,18,8,15.78947368,7.01754386
矢掛町里山田土生_4339,11,3,25.58139535,6.976744186
里庄町大字新庄_5013,13,12,16.25,15
里庄町大字新庄_5015,12,7,16.66666667,9.722222222
里庄町大字新庄_5017,15,8,14.01869159,7.476635514
里庄町大字新庄_5021,9,9,10.34482759,10.34482759
里庄町大字新庄_5023,10,8,12.82051282,10.25641026
里庄町大字新庄_5026,6,4,20.68965517,13.79310345
里庄町大字新庄_5029,10,5,16.94915254,8.474576271
里庄町大字新庄_5035,7,5,8.235294118,5.882352941
里庄町大字新庄_5039,5,5,12.5,12.5
里庄町大字新庄_5045,26,24,8.934707904,8.24742268
里庄町大字新庄_5051,9,7,7.75862069,6.034482759
里庄町大字新庄_5053,20,14,14.81481481,10.37037037
里庄町大字新庄_5063,3,4,5.555555556,7.407407407
里庄町大字新庄グリーンクレスト_5012,11,6,8.870967742,4.838709677
里庄町大字新庄グリーンクレスト_5016,11,3,10.78431373,2.941176471
里庄町大字新庄グリーンクレスト_5030,14,7,10.60606061,5.303030303
里庄町大字浜中_5047,19,9,14.84375,7.03125
里庄町大字浜中_5073,25,16,14.04494382,8.988764045
里庄町大字浜中_5077,17,16,7.327586207,6.896551724
里庄町大字浜中_5085,7,12,7.291666667,12.5
里庄町大字里見_4837,21,9,22.10526316,9.473684211
里庄町大字里見_4849,20,10,19.60784314,9.803921569
里庄町大字里見_4874,14,13,13.33333333,12.38095238
里庄町大字里見_4888,5,4,11.62790698,9.302325581
里庄町大字里見_4896,14,8,15.38461538,8.791208791
里庄町大字里見_4898,5,6,17.85714286,21.42857143
里庄町大字里見_4903,25,16,12.13592233,7.766990291
里庄町大字里見_4946,10,5,15.87301587,7.936507937
里庄町大字里見_4947,22,19,9.166666667,7.916666667
里庄町大字里見_4948,18,13,11.46496815,8.280254777
里庄町大字里見_4967,24,14,13.71428571,8
里庄町大字里見_4976,24,12,16.66666667,8.333333333
里庄町大字里見_4981,12,14,9.302325581,10.85271318
里庄町大字里見_4997,19,12,16.66666667,10.52631579
